time,sum_RF1,avg_U1
0.0,0.0,0.0
0.0011406249832361937,623.1745910644531,0.005703125149011612
0.0026171875651925802,1239.0536079406738,0.01308593712747097
0.003566406201571226,1600.9760131835938,0.017832031473517418
0.0049902345053851604,2116.3705444335938,0.02495117112994194
0.0064140623435378075,2607.1140060424805,0.03207031264901161
0.007125976495444775,2892.3258895874023,0.03562988340854645
0.00846081506460905,3644.1597290039062,0.04230407625436783
0.009662169963121414,4276.097183227539,0.04831085354089737
0.011464202776551247,5160.650695800781,0.05732101574540138
0.013266235589981079,5989.330047607422,0.0663311779499054
0.015068267472088337,6771.622406005859,0.07534133642911911
0.016870301216840744,7513.698425292969,0.08435150235891342
0.018672332167625427,8220.226287841797,0.09336166083812714
0.02047436498105526,8894.67514038086,0.10237182676792145
0.022276397794485092,9539.837310791016,0.11138198524713516
0.024078430607914925,10157.875579833984,0.12039215117692947
0.0267814788967371,11035.071075439453,0.13390739262104034
0.029484527185559273,11862.042755126953,0.1474226415157318
0.030160289257764816,12063.514099121094,0.15080145001411438
0.0318496935069561,12557.872314453125,0.1592484712600708
0.033370159566402435,12988.791564941406,0.16685080528259277
0.034795597195625305,13383.532104492188,0.17397798597812653
0.03607848659157753,13730.748962402344,0.18039244413375854
0.038002826273441315,14235.926391601562,0.19001413881778717
0.0399271659553051,14724.556091308594,0.1996358186006546
0.041851501911878586,15199.035339355469,0.20925751328468323
0.04377584159374237,15665.151184082031,0.21887920796871185
0.0466623492538929,16402.710571289062,0.2333117425441742
0.047744788229465485,16673.824768066406,0.23872394859790802
0.04936844855546951,17076.465698242188,0.24684225022792816
0.05089063197374344,17452.312072753906,0.2544531524181366
0.05226059630513191,17789.13018798828,0.26130297780036926
0.05431554093956947,18280.234252929688,0.27157771587371826
0.057397957891225815,19000.62677001953,0.28698980808258057
0.05816856399178505,19181.903076171875,0.29084283113479614
0.06009507551789284,19625.080444335938,0.3004753589630127
0.06182893365621567,20010.90264892578,0.30914467573165894
0.062479130923748016,20153.361083984375,0.3123956620693207
0.06345442682504654,20382.61358642578,0.3172721564769745
0.06491737067699432,20719.885192871094,0.3245868682861328
0.06546597927808762,20844.227783203125,0.3273298740386963
0.06628888100385666,21029.973205566406,0.3314444124698639
0.06752324104309082,21304.9990234375,0.3376162052154541
0.06875760108232498,21573.47674560547,0.3437879979610443
0.06999196112155914,21835.837768554688,0.3499598205089569
0.07184349745512009,22217.936584472656,0.35921749472618103
0.07369504123926163,22588.114196777344,0.36847519874572754
0.07554657757282257,22946.983032226562,0.37773290276527405
0.07739812135696411,23295.080627441406,0.38699057698249817
0.07924965769052505,23633.056091308594,0.3962482810020447
0.081101194024086,23961.47900390625,0.4055059850215912
0.08295273780822754,24280.852111816406,0.4147636890411377
0.08480427414178848,24591.824340820312,0.4240213632583618
0.08665581047534943,24895.35137939453,0.4332790672779083
0.08850735425949097,25192.202697753906,0.44253677129745483
0.09035889059305191,25482.756774902344,0.45179444551467896
0.09221043437719345,25767.011108398438,0.46105214953422546
0.0940619707107544,26044.831176757812,0.470309853553772
0.09591350704431534,26316.0458984375,0.4795675575733185
0.09776505082845688,26580.9375,0.4888252317905426
0.10054235905408859,26971.474853515625,0.5027117729187012
0.1033196672797203,27351.13623046875,0.5165983438491821
0.10609697550535202,27719.61572265625,0.5304848551750183
0.10887428373098373,28079.61279296875,0.5443714261054993
0.11165159195661545,28428.167236328125,0.5582579374313354
0.11234591901302338,28513.974853515625,0.5617296099662781
0.1130402460694313,28598.997802734375,0.5652012228965759
0.1140817403793335,28725.099365234375,0.5704087018966675
0.11564397066831589,28911.241455078125,0.5782198905944824
0.11720620840787888,29093.85009765625,0.5860310196876526
0.11876844614744186,29272.799560546875,0.5938422083854675
0.12111180275678635,29534.862670898438,0.6055589914321899
0.12345515191555023,29790.140625,0.6172757744789124
0.12579850852489471,30038.6865234375,0.6289925575256348
0.1281418651342392,30281.034912109375,0.6407092809677124
0.13048522174358368,30517.937255859375,0.6524260640144348
0.13282856345176697,30754.275390625,0.6641428470611572
0.1334144026041031,30814.376098632812,0.667072057723999
0.1340002417564392,30873.929931640625,0.670001208782196
0.13619713485240936,31094.241821289062,0.680985689163208
0.13751527667045593,31224.315185546875,0.687576413154602
0.1388334184885025,31352.424194335938,0.6941670775413513
0.14081062376499176,31540.90087890625,0.7040531039237976
0.14278782904148102,31724.902099609375,0.7139391303062439
0.14476503431797028,31903.935546875,0.7238251566886902
0.14773084223270416,32161.675659179688,0.7386541962623596
0.14884302020072937,32255.527465820312,0.7442150712013245
0.15051127970218658,32394.626831054688,0.7525564432144165
0.153013676404953,32602.127197265625,0.7650684118270874
0.15551608800888062,32803.57507324219,0.7775804400444031
0.15801848471164703,32999.26416015625,0.790092408657074
0.15926969051361084,33095.07800292969,0.7963483929634094
0.1602080911397934,33166.15295410156,0.8010404109954834
0.16161568462848663,33271.98486328125,0.808078408241272
0.16302327811717987,33376.52502441406,0.8151164054870605
0.1644308865070343,33479.66394042969,0.8221544027328491
0.16583847999572754,33581.078125,0.8291923999786377
0.1679498851299286,33729.239013671875,0.8397493958473206
0.17006129026412964,33872.040771484375,0.8503064513206482
0.1721726804971695,34009.838134765625,0.860863447189331
0.17428408563137054,34144.05773925781,0.8714204430580139
0.1763954907655716,34276.69775390625,0.8819774389266968
0.17745117843151093,34341.15051269531,0.8872559070587158
0.17824296653270721,34388.49963378906,0.8912147879600525
0.17943061888217926,34458.16833496094,0.8971531391143799
0.18054406344890594,34521.86291503906,0.9027202725410461
0.181546151638031,34578.463623046875,0.907730758190155
0.183049276471138,34663.284423828125,0.9152464270591736
0.18530398607254028,34790.93322753906,0.9265199303627014
0.18755869567394257,34918.138427734375,0.9377934336662292
0.18981339037418365,35042.18981933594,0.9490669369697571
0.19206809997558594,35157.663330078125,0.9603404998779297
0.19432279467582703,35264.947998046875,0.9716140031814575
0.19545015692710876,35315.69689941406,0.9772507548332214
0.19629566371440887,35353.382080078125,0.9814783334732056
0.19756393134593964,35410.427978515625,0.9878196716308594
0.19946633279323578,35497.88671875,0.9973316788673401
0.20017974078655243,35530.278564453125,1.0008987188339233
0.2012498527765274,35579.19580078125,1.006249189376831
0.20285500586032867,35653.030517578125,1.0142749547958374
0.20345693826675415,35680.37805175781,1.017284631729126
0.20435982942581177,35721.40576171875,1.0217992067337036
0.2057141810655594,35783.18017578125,1.0285708904266357
0.207068532705307,35844.82861328125,1.0353426933288574
0.20842288434505463,35906.438232421875,1.0421143770217896
0.20943863689899445,35952.384765625,1.047193169593811
0.21096228063106537,36020.93029785156,1.0548114776611328
0.2124859243631363,36088.636474609375,1.062429666519165
0.21400956809520721,36155.82922363281,1.0700478553771973
0.21553321182727814,36222.72009277344,1.0776660442352295
0.21781867742538452,36323.22717285156,1.0890934467315674
0.21867573261260986,36360.286376953125,1.0933786630630493
0.21996130049228668,36415.076171875,1.099806547164917
0.2218896597623825,36493.095947265625,1.1094483137130737
0.22478221356868744,36603.25244140625,1.1239110231399536
0.22767475247383118,36707.980224609375,1.1383737325668335
0.23056729137897491,36810.050048828125,1.1528364419937134
0.23345983028411865,36910.18200683594,1.1672991514205933
0.23418296873569489,36934.26159667969,1.1709147691726685
0.23599080741405487,36993.342529296875,1.1799540519714355
0.2376178652048111,37045.35888671875,1.1880892515182495
0.23822800815105438,37064.283447265625,1.191140055656433
0.2391432225704193,37092.3818359375,1.195716142654419
0.2405160516500473,37134.50061035156,1.202580213546753
0.2425752878189087,37198.724609375,1.2128764390945435
0.24566414952278137,37295.10412597656,1.2283207178115845
0.24643637239933014,37318.294677734375,1.2321817874908447
0.2472085803747177,37341.30261230469,1.236042857170105
0.24836690723896027,37376.63134765625,1.2418345212936401
0.24945282936096191,37410.035888671875,1.2472641468048096
0.250430166721344,37440.89221191406,1.2521508932113647
0.2518961727619171,37486.34912109375,1.2594808340072632
0.25336217880249023,37528.299560546875,1.2668108940124512
0.25482818484306335,37565.69567871094,1.2741408348083496
0.25702717900276184,37616.73828125,1.2851358652114868
0.2592261731624603,37663.335205078125,1.296130895614624
0.2614251971244812,37707.400634765625,1.3071259260177612
0.2636241912841797,37750.8310546875,1.3181209564208984
0.2658231854438782,37793.40979003906,1.3291159868240356
0.26802220940589905,37835.378662109375,1.3401110172271729
0.27022120356559753,37876.4677734375,1.35110604763031
0.272420197725296,37915.35302734375,1.3621010780334473
0.2746192216873169,37949.41149902344,1.373095989227295
0.2768182158470154,37976.97814941406,1.3840910196304321
0.2773679494857788,37982.63232421875,1.3868398666381836
0.27874234318733215,37993.88488769531,1.3937116861343384
0.27997928857803345,38002.32263183594,1.3998963832855225
0.28121623396873474,38009.2919921875,1.4060810804367065
0.28245314955711365,38015.036376953125,1.4122657775878906
0.2843085825443268,38022.682373046875,1.4215428829193115
0.28616398572921753,38029.67297363281,1.4308198690414429
0.2880193889141083,38036.26306152344,1.4400969743728638
0.289874792098999,38042.46728515625,1.4493739604949951
0.29173019528388977,38047.55517578125,1.458651065826416
0.2935856282711029,38051.760498046875,1.4679280519485474
0.29636871814727783,38058.84118652344,1.4818435907363892
0.29915183782577515,38065.20153808594,1.4957592487335205
0.30193495750427246,38070.07922363281,1.5096747875213623
0.3047180771827698,38075.06530761719,1.523590326309204
0.3075011968612671,38088.53405761719,1.5375059843063354
0.3081969618797302,38091.30871582031,1.540984869003296
0.3092406392097473,38095.30517578125,1.5462031364440918
0.31021907925605774,38098.30126953125,1.5510953664779663
0.31109967827796936,38100.49572753906,1.5554983615875244
0.31266823410987854,38102.76306152344,1.5633411407470703
0.3137827217578888,38103.09521484375,1.5689136981964111
0.31545448303222656,38100.587890625,1.5772724151611328
0.31712624430656433,38093.021484375,1.5856311321258545
0.3187979757785797,38079.03649902344,1.5939899682998657
0.3204697370529175,38057.01989746094,1.6023486852645874
0.32214149832725525,38026.096923828125,1.6107075214385986
0.323813259601593,37985.229736328125,1.6190662384033203
0.3254849910736084,37935.843505859375,1.6274250745773315
0.32715675234794617,37880.08410644531,1.6357837915420532
0.32882851362228394,37819.66125488281,1.6441426277160645
0.3305002748966217,37756.231201171875,1.6525013446807861
0.33300790190696716,37659.60949707031,1.6650395393371582
0.33535879850387573,37563.77392578125,1.6767940521240234
0.33747461438179016,37475.1875,1.6873730421066284
0.3406483232975006,37333.16455078125,1.7032417058944702
0.34382206201553345,37177.55480957031,1.7191102504730225
0.34461548924446106,37136.19665527344,1.723077416419983
0.34540891647338867,37094.063720703125,1.7270445823669434
0.3465990722179413,37032.65979003906,1.7329952716827393
0.3477891981601715,36971.75720214844,1.7389460802078247
0.34808674454689026,36955.519287109375,1.740433692932129
0.34950003027915955,36864.137451171875,1.7475001811981201
0.35050421953201294,36791.17639160156,1.7525211572647095
0.3520105183124542,36678.09118652344,1.7600525617599487
0.3535167872905731,36561.968994140625,1.767583966255188
0.35426992177963257,36501.96984863281,1.771349549293518
0.35568204522132874,36389.577880859375,1.7784103155136108
0.3565293252468109,36320.683349609375,1.782646656036377
0.3573766052722931,36248.90051269531,1.7868831157684326
0.35864752531051636,36136.22705078125,1.7932376861572266
0.359918475151062,36016.9814453125,1.7995922565460205
0.3611893951892853,35892.22900390625,1.805946946144104
0.36246031522750854,35763.99963378906,1.812301516532898
0.3637312352657318,35634.62170410156,1.818656086921692
0.3656376004219055,35442.084228515625,1.8281880617141724
0.3675439953804016,35249.27233886719,1.8377199172973633
0.3694503605365753,35055.40734863281,1.8472518920898438
0.3713567554950714,34860.13195800781,1.8567837476730347
0.37421631813049316,34564.24841308594,1.8710815906524658
0.3770759105682373,34260.575927734375,1.8853795528411865
0.378505676984787,34107.32849121094,1.8925284147262573
0.37957802414894104,33994.68005371094,1.8978902101516724
0.3811865448951721,33836.112060546875,1.9059326648712158
0.3827950656414032,33679.707275390625,1.9139752388000488
0.38319718837738037,33639.58264160156,1.9159859418869019
0.3842025101184845,33537.04699707031,1.9210125207901
0.38510727882385254,33445.77331542969,1.9255363941192627
0.38601207733154297,33357.54846191406,1.9300603866577148
0.38782164454460144,33195.19104003906,1.9391082525253296
0.38872644305229187,33105.7265625,1.9436321258544922
0.3896312117576599,32995.103271484375,1.9481561183929443
0.39053601026535034,32864.21875,1.952679991722107
0.3918931782245636,32647.247680664062,1.9594659805297852
0.39325037598609924,32423.26611328125,1.9662518501281738
0.3946075439453125,32198.3017578125,1.9730377197265625
0.3966433107852936,31869.023071289062,1.983216643333435
0.39867907762527466,31549.45947265625,1.993395447731018
0.3991880416870117,31469.290649414062,1.9959402084350586
0.40109655261039734,31158.850463867188,2.0054829120635986
0.40224167704582214,30966.742309570312,2.0112085342407227
0.40338680148124695,30777.121948242188,2.0169341564178467
0.40510448813438416,30500.668334960938,2.025522470474243
0.40768101811408997,30093.65234375,2.038405179977417
0.4102575480937958,29695.374755859375,2.0512876510620117
0.4128340482711792,29309.9833984375,2.0641703605651855
0.4166988432407379,28750.112915039062,2.083494186401367
0.42169883847236633,28062.71533203125,2.108494281768799
0.42294883728027344,27894.596923828125,2.114744186401367
0.42419883608818054,27730.51904296875,2.1209940910339355
0.4260738492012024,27490.170654296875,2.130369186401367
0.428886353969574,27134.361206054688,2.1444315910339355
0.43169882893562317,26788.278564453125,2.158494234085083
0.43451133370399475,26456.74462890625,2.1725566387176514
0.43732383847236633,26139.623291015625,2.186619281768799
0.4401363432407379,25833.501586914062,2.200681686401367
0.4429488480091095,25531.510681152344,2.2147440910339355
0.4457613527774811,25231.755126953125,2.228806734085083
0.4485738277435303,24933.75653076172,2.2428691387176514
0.45138633251190186,24641.672790527344,2.256931781768799
0.45419883728027344,24360.589599609375,2.270994186401367
0.45560508966445923,24222.803466796875,2.2780253887176514
0.4566597640514374,24122.20196533203,2.283298969268799
0.4582418203353882,23973.9609375,2.2912089824676514
0.4606148600578308,23755.653381347656,2.303074359893799
0.4615047574043274,23674.2705078125,2.307523727416992
0.4628395736217499,23553.049072265625,2.3141980171203613
0.4648418426513672,23376.157836914062,2.324209213256836
0.46784523129463196,23125.331115722656,2.339226245880127
0.46897149085998535,23033.08282470703,2.3448574542999268
0.47066089510917664,22900.908447265625,2.353304624557495
0.4723503291606903,22778.974670410156,2.3617515563964844
0.4740397334098816,22667.31768798828,2.3701984882354736
0.4765738248825073,22508.39666748047,2.382869243621826
0.47910794615745544,22359.087524414062,2.3955397605895996
0.4816420376300812,22215.561645507812,2.408210277557373
0.4841761589050293,22069.3076171875,2.4208807945251465
0.48671025037765503,21909.37872314453,2.43355131149292
0.48924437165260315,21729.056640625,2.4462218284606934
0.4917784631252289,21549.548400878906,2.458892345428467
0.494312584400177,21377.1513671875,2.4715628623962402
0.4968467056751251,21216.435607910156,2.4842333793640137
0.49938079714775085,21070.15234375,2.496903896331787
0.501914918422699,20932.94775390625,2.5095746517181396
0.5044490098953247,20799.035095214844,2.522245168685913
0.5050825476646423,20765.66064453125,2.5254127979278564
0.506666362285614,20685.97723388672,2.533331871032715
0.5080918073654175,20615.57489013672,2.540458917617798
0.509517252445221,20543.199279785156,2.54758620262146
0.5109426975250244,20476.115112304688,2.554713249206543
0.5123680830001831,20416.927124023438,2.561840534210205
0.5137935280799866,20363.76904296875,2.568967819213867
0.51521897315979,20314.401977539062,2.57609486579895
0.5166444182395935,20269.03533935547,2.5832221508026123
0.5171789526939392,20252.546752929688,2.585894823074341
0.5191834568977356,20201.48602294922,2.5959174633026123
0.5203109979629517,20177.059020996094,2.601555109024048
0.5213258266448975,20159.0048828125,2.606628894805908
0.5228480100631714,20145.517211914062,2.6142399311065674
0.5232285261154175,20142.06591796875,2.616142749786377
0.5241798758506775,20134.064514160156,2.6208994388580322
0.525036096572876,20125.282165527344,2.62518048286438
0.5267485976219177,20077.870849609375,2.6337428092956543
0.5276048183441162,20026.359436035156,2.638024091720581
0.5284610390663147,19966.129150390625,2.6423051357269287
0.5292637348175049,19906.071655273438,2.6463186740875244
0.5310698747634888,19798.78399658203,2.6553492546081543
0.5326953530311584,19730.035705566406,2.6634767055511475
0.5351336002349854,19637.771362304688,2.6756680011749268
0.5387909412384033,19491.814819335938,2.6939547061920166
0.5424482822418213,19348.998474121094,2.7122414112091064
0.5433626174926758,19312.176513671875,2.716813325881958
0.544277012348175,19276.78106689453,2.7213850021362305
0.5456485152244568,19229.7236328125,2.7282423973083496
0.5477057695388794,19168.446350097656,2.7385287284851074
0.549763023853302,19112.26837158203,2.7488150596618652
0.5518202781677246,19053.014099121094,2.759101390838623
0.5523346066474915,19034.10870361328,2.7616729736328125
0.5536203980445862,18967.52899169922,2.768101930618286
0.5547776222229004,18887.721252441406,2.773888111114502
0.5565134286880493,18778.016540527344,2.782567024230957
0.5591171383857727,18690.048217773438,2.795585870742798
0.5617209076881409,18640.369140625,2.8086044788360596
0.5623717904090881,18624.803833007812,2.811859130859375
0.5630227327346802,18605.237243652344,2.8151137828826904
0.5654637217521667,18513.630126953125,2.8273186683654785
0.5676606297492981,18422.294494628906,2.8383030891418457
0.5684844851493835,18383.379333496094,2.8424222469329834
0.5697202086448669,18316.188537597656,2.8486011028289795
0.5715738534927368,18218.04315185547,2.8578691482543945
0.5734274983406067,18138.740295410156,2.8671374320983887
0.5752810835838318,18077.755737304688,2.8764054775238037
0.578061580657959,18007.64910888672,2.890307664871216
0.5808420181274414,17985.177490234375,2.904210090637207
0.581537127494812,17982.44207763672,2.9076855182647705
0.5825797915458679,17989.004760742188,2.9128987789154053
0.5841437578201294,18024.668823242188,2.9207189083099365
0.5855122804641724,18037.191650390625,2.9275612831115723
0.5860987901687622,18028.620849609375,2.9304938316345215
0.587565004825592,17985.877868652344,2.9378252029418945
0.5888846516609192,17953.917602539062,2.944423198699951
0.5893794894218445,17942.00537109375,2.946897506713867
0.5901218056678772,17926.759765625,2.950608968734741
0.5912352204322815,17909.677612304688,2.956176280975342
0.5929054021835327,17886.62872314453,2.964526891708374
0.5954105854034424,17833.45965576172,2.977053165435791
0.5979158282279968,17723.40594482422,2.989579200744629
0.6004210710525513,17576.527282714844,3.002105236053467
0.6029263138771057,17463.951904296875,3.014631509780884
0.6054314970970154,17402.56036376953,3.0271575450897217
0.6079367399215698,17352.20574951172,3.0396838188171387
0.6104419827461243,17329.076416015625,3.0522098541259766
0.6110682487487793,17322.066528320312,3.0553414821624756
0.6126340627670288,17303.645446777344,3.0631701946258545
0.6140432357788086,17285.676147460938,3.070216178894043
0.6154524087905884,17260.297607421875,3.0772621631622314
0.6161569952964783,17243.79638671875,3.080785036087036
0.6174781322479248,17209.7607421875,3.087390661239624
0.6182212829589844,17190.005310058594,3.0911061763763428
0.6195588707923889,17137.10675048828,3.097794532775879
0.6202276945114136,17102.634399414062,3.1011385917663574
0.6212309002876282,17051.006103515625,3.106154680252075
0.6227357387542725,16981.343383789062,3.1136786937713623
0.6249930262565613,16898.127807617188,3.124964952468872
0.6272502541542053,16846.03271484375,3.136251211166382
0.6283788681030273,16822.9384765625,3.1418943405151367
0.6292253732681274,16803.04559326172,3.1461267471313477
0.6300718188285828,16774.75469970703,3.1503591537475586
0.6321879625320435,16691.578063964844,3.160939931869507
0.6334576606750488,16650.931579589844,3.1672885417938232
0.634727418422699,16620.71075439453,3.1736369132995605
0.6359971165657043,16606.440368652344,3.179985523223877
0.6372668147087097,16602.614501953125,3.1863338947296143
0.6384571194648743,16601.64794921875,3.1922857761383057
0.6395284533500671,16615.680297851562,3.1976423263549805
0.64059978723526,16616.54901123047,3.2029988765716553
0.6416710615158081,16606.47052001953,3.20835542678833
0.642742395401001,16595.2509765625,3.213711977005005
0.6438137292861938,16589.203552246094,3.2190685272216797
0.6454206705093384,16589.986755371094,3.2271032333374023
0.6478311419487,16597.71844482422,3.2391555309295654
0.6514468193054199,16514.25958251953,3.2572338581085205
0.6550624966621399,16365.976745605469,3.2753124237060547
0.6568703055381775,16290.149841308594,3.2843515872955322
0.6572092771530151,16276.736450195312,3.2860465049743652
0.6584804058074951,16220.080261230469,3.2924020290374756
0.659624457359314,16162.600830078125,3.2981221675872803
0.6613404750823975,16084.219970703125,3.3067023754119873
0.6639145016670227,16003.856079101562,3.319572687149048
0.6648797988891602,15979.550537109375,3.324398994445801
0.6652417778968811,15970.370666503906,3.3262088298797607
0.6665991544723511,15927.855163574219,3.332995891571045
0.6674136519432068,15899.316955566406,3.3370680809020996
0.6682280898094177,15873.02978515625,3.3411402702331543
0.6690425276756287,15849.569519042969,3.345212459564209
0.6702641844749451,15823.368469238281,3.35132098197937
0.6720966696739197,15813.996215820312,3.360483407974243
0.6738146543502808,15812.309143066406,3.3690733909606934
0.6745877265930176,15816.847778320312,3.372938632965088
0.6751675605773926,15822.239990234375,3.375837802886963
0.6760373115539551,15839.349609375,3.3801863193511963
0.6775864958763123,15867.164978027344,3.387932300567627
0.6783202886581421,15866.62744140625,3.3916015625
0.6790541410446167,15859.721496582031,3.395270586013794
0.6801548600196838,15850.095397949219,3.4007744789123535
0.6818059682846069,15843.239562988281,3.409029960632324
0.684282660484314,15835.752502441406,3.4214134216308594
0.686759352684021,15812.183715820312,3.4337966442108154
0.6873785257339478,15799.546264648438,3.436892509460449
0.6889264583587646,15746.535583496094,3.444632053375244
0.6903195381164551,15689.862731933594,3.4515976905822754
0.6924092769622803,15617.849060058594,3.4620461463928223
0.6931928992271423,15592.062866210938,3.4659643173217773
0.6943683624267578,15550.333435058594,3.47184157371521
0.6955437660217285,15506.978271484375,3.4777188301086426
0.696719229221344,15467.559936523438,3.483596086502075
0.6984823942184448,15427.759521484375,3.4924120903015137
0.7011271715164185,15398.922912597656,3.505635976791382
0.7037719488143921,15383.599670410156,3.51885986328125
0.7044331431388855,15379.640808105469,3.5221657752990723
0.7050943374633789,15377.740356445312,3.5254716873168945
0.7060860991477966,15379.160827636719,3.530430555343628
0.7070159316062927,15381.1328125,3.5350797176361084
0.7081665396690369,15390.169555664062,3.540832757949829
0.7093433141708374,15406.623840332031,3.5467166900634766
0.7100493907928467,15405.942199707031,3.5502469539642334
0.7118145823478699,15373.922607421875,3.559072732925415
0.7134032249450684,15352.285217285156,3.567016124725342
0.7149918675422668,15343.833374023438,3.5749592781066895
0.7165805101394653,15347.867065429688,3.582902669906616
0.7181691527366638,15348.144409179688,3.590845823287964
0.7195592522621155,15317.665405273438,3.5977962017059326
0.7204528450965881,15284.345703125,3.602264404296875
0.7217932939529419,15235.00341796875,3.60896635055542
0.7238039374351501,15172.504211425781,3.6190197467803955
0.7245579361915588,15150.278625488281,3.6227896213531494
0.7256888747215271,15123.378723144531,3.6284444332122803
0.7268198728561401,15078.143432617188,3.6340994834899902
0.7279508709907532,15021.584106445312,3.639754295349121
0.7290818691253662,14966.014038085938,3.645409345626831
0.7307783365249634,14904.379272460938,3.6538915634155273
0.7314144968986511,14884.977416992188,3.6570725440979004
0.7323687672615051,14867.16943359375,3.661843776702881
0.733263373374939,14854.905212402344,3.6663169860839844
0.7340685725212097,14840.001892089844,3.6703429222106934
0.7356789112091064,14792.907409667969,3.6783945560455322
0.7368866205215454,14758.142517089844,3.6844332218170166
0.7386982440948486,14720.836547851562,3.693491220474243
0.7393776178359985,14708.362487792969,3.696887969970703
0.7403966188430786,14695.959594726562,3.7019832134246826
0.7413519620895386,14688.804016113281,3.7067599296569824
0.7422118186950684,14695.006530761719,3.711059093475342
0.7434477806091309,14702.690063476562,3.7172389030456543
0.7441732287406921,14695.717224121094,3.7208662033081055
0.7452614307403564,14685.985168457031,3.7263071537017822
0.7463496327400208,14679.25146484375,3.731748104095459
0.7474378347396851,14678.531066894531,3.7371890544891357
0.7490701079368591,14691.220520019531,3.7453505992889404
0.750702440738678,14716.336975097656,3.753512144088745
0.7511104941368103,14721.905578613281,3.7555525302886963
0.7521306872367859,14730.369384765625,3.760653495788574
