-4.2076731324,-105.7785377502,-4.1917994972
4.1149819493,-105.7785377502,-4.2844906803
66.8163661957,-258.3333129883,-74.7026271820
66.7255220413,-258.3333129883,-86.9868106842
67.0330734253,-258.3333129883,-99.3630104065
67.4677896500,-258.3333129883,-111.7393531799
67.8723936081,-258.3333129883,-124.0831279755
68.1975498199,-258.3333129883,-136.3746452332
68.4298572540,-258.3333129883,-148.6051750183
68.5856037140,-258.3333129883,-160.7799453735
67.2756824493,-258.3333129883,-62.6131429672
80.2671966553,-258.3333129883,-111.9523029327
80.5830173492,-258.3333129883,-124.1625251770
80.8378753662,-258.3333129883,-136.3366203308
81.0202693939,-258.3333129883,-148.4699020386
81.1446418762,-258.3333129883,-160.5636749268
81.2257518768,-258.3333129883,-172.6197776794
81.2781162262,-258.3333129883,-184.6495285034
81.3133068085,-258.3333129883,-196.6587409973
81.3418254852,-258.3333129883,-208.6497688293
81.3725967407,-258.3333129883,-220.6237258911
81.4111747742,-258.3333129883,-232.5790481567
81.4701480865,-258.3333129883,-244.5133285522
82.1887722015,-258.3333129883,-291.9819488525
82.5902252197,-258.3333129883,-303.7410507202
83.1135425568,-258.3333129883,-315.4391708374
83.7243976593,-258.3333129883,-327.0776519775
84.2882995605,-258.3333129883,-338.6719284058
84.6830234528,-258.3333129883,-350.2568511963
67.9709711075,-258.3333129883,-50.7610006332
93.8775234222,-258.3333129883,-220.2069664001
93.9089031219,-258.3333129883,-232.1262435913
93.9580535889,-258.3333129883,-244.0272712708
94.0341358185,-258.3333129883,-255.9081726074
94.1456909180,-258.3333129883,-267.7695388794
94.3115406036,-258.3333129883,-279.6064376831
94.5502605438,-258.3333129883,-291.4106826782
94.8703651428,-258.3333129883,-303.1796417236
96.6530075073,-258.3333129883,-361.6411666870
96.7542457581,-258.3333129883,-373.3452606201
69.0027589798,-258.3333129883,-39.1668272018
70.3743476868,-258.3333129883,-27.8123273849
119.5540733337,-258.3333129883,-29.3435239792
71.8854598999,-258.3333129883,-16.6273369789
131.7609519958,-258.3333129883,-29.4678640366
143.9254531860,-258.3333129883,-29.5616502762
73.4031753540,-258.3333129883,-5.5334286690
61.5208244324,-275.0000000000,-350.9606323242
67.2230157852,-275.0000000000,-74.7026271820
67.0667085648,-275.0000000000,-86.9868106842
67.3201217651,-275.0000000000,-99.3630104065
67.7108573914,-275.0000000000,-111.7393531799
68.0798187256,-275.0000000000,-124.0831279755
68.3759107590,-275.0000000000,-136.3746452332
68.5842876434,-275.0000000000,-148.6051750183
68.7200918198,-275.0000000000,-160.7799453735
67.7604579926,-275.0000000000,-62.6131429672
80.6027908325,-275.0000000000,-63.4270000458
80.1797065735,-275.0000000000,-75.4218921661
80.0502548218,-275.0000000000,-87.5414199829
80.2037982941,-275.0000000000,-99.7335834503
80.4823417664,-275.0000000000,-111.9523029327
80.7671451569,-275.0000000000,-124.1625251770
80.9965991974,-275.0000000000,-136.3366203308
81.1579933167,-275.0000000000,-148.4699020386
81.2647933960,-275.0000000000,-160.5636749268
81.3310222626,-275.0000000000,-172.6197776794
81.3706092834,-275.0000000000,-184.6495285034
81.3947200775,-275.0000000000,-196.6587409973
81.4135208130,-275.0000000000,-208.6497688293
81.4356861115,-275.0000000000,-220.6237258911
81.4665889740,-275.0000000000,-232.5790481567
82.6125202179,-275.0000000000,-303.7410507202
83.1318855286,-275.0000000000,-315.4391708374
83.7391719818,-275.0000000000,-327.0776519775
84.2998847961,-275.0000000000,-338.6719284058
84.6918296814,-275.0000000000,-350.2568511963
68.5475645065,-275.0000000000,-50.7610006332
93.9152107239,-275.0000000000,-208.2713432312
93.9314651489,-275.0000000000,-220.2069664001
93.9563140869,-275.0000000000,-232.1262435913
93.9995460510,-275.0000000000,-244.0272712708
94.0702629089,-275.0000000000,-255.9081726074
94.1769294739,-275.0000000000,-267.7695388794
94.3382987976,-275.0000000000,-279.6064376831
94.5729179382,-275.0000000000,-291.4106826782
94.8892230988,-275.0000000000,-303.1796417236
96.6575641632,-275.0000000000,-361.6411666870
96.7569808960,-275.0000000000,-373.3452606201
69.6834602356,-275.0000000000,-39.1668272018
71.1680469513,-275.0000000000,-27.8123273849
83.3974819183,-275.0000000000,-28.4344558716
119.8689994812,-275.0000000000,-29.3435239792
72.7967910767,-275.0000000000,-16.6273369789
131.9460983276,-275.0000000000,-29.4678640366
143.9852256775,-275.0000000000,-29.5616502762
74.4302062988,-275.0000000000,-5.5334286690
61.5326938629,-291.6666870117,-350.9606323242
67.6320524216,-291.6666870117,-74.7026271820
67.4095611572,-291.6666870117,-86.9868106842
67.6083335876,-291.6666870117,-99.3630104065
67.9547262192,-291.6666870117,-111.7393531799
68.2877979279,-291.6666870117,-124.0831279755
68.5546588898,-291.6666870117,-136.3746452332
68.7389841080,-291.6666870117,-148.6051750183
68.8547468185,-291.6666870117,-160.7799453735
68.9221277237,-291.6666870117,-172.9037666321
68.2485971451,-291.6666870117,-62.6131429672
81.0273761749,-291.6666870117,-63.4270000458
80.5372371674,-291.6666870117,-75.4218921661
80.3514308929,-291.6666870117,-87.5414199829
80.4581832886,-291.6666870117,-99.7335834503
80.6983718872,-291.6666870117,-111.9523029327
80.9518966675,-291.6666870117,-124.1625251770
81.1557598114,-291.6666870117,-136.3366203308
81.2960166931,-291.6666870117,-148.4699020386
81.3851394653,-291.6666870117,-160.5636749268
81.4364051819,-291.6666870117,-172.6197776794
81.4631710052,-291.6666870117,-184.6495285034
81.4761600494,-291.6666870117,-196.6587409973
81.4851970673,-291.6666870117,-208.6497688293
81.4987316132,-291.6666870117,-220.6237258911
81.5219383240,-291.6666870117,-232.5790481567
82.6347332001,-291.6666870117,-303.7410507202
83.1501598358,-291.6666870117,-315.4391708374
83.7538738251,-291.6666870117,-327.0776519775
84.3114147186,-291.6666870117,-338.6719284058
69.1286945343,-291.6666870117,-50.7610006332
81.7579612732,-291.6666870117,-51.5997495651
93.9764404297,-291.6666870117,-208.2713432312
93.9853687286,-291.6666870117,-220.2069664001
94.0036144257,-291.6666870117,-232.1262435913
94.0409507751,-291.6666870117,-244.0272712708
94.1063632965,-291.6666870117,-255.9081726074
94.2081146240,-291.6666870117,-267.7695388794
94.3649673462,-291.6666870117,-279.6064376831
94.5954818726,-291.6666870117,-291.4106826782
94.9079875946,-291.6666870117,-303.1796417236
96.4708023071,-291.6666870117,-349.9564819336
96.6620960236,-291.6666870117,-361.6411666870
96.7597351074,-291.6666870117,-373.3452606201
70.3698167801,-291.6666870117,-39.1668272018
82.7862548828,-291.6666870117,-39.9463033676
71.9679164886,-291.6666870117,-27.8123273849
84.0842285156,-291.6666870117,-28.4344558716
120.1864719391,-291.6666870117,-29.3435239792
73.7133216858,-291.6666870117,-16.6273369789
85.5077838898,-291.6666870117,-17.0235571861
132.1329917908,-291.6666870117,-29.4678640366
144.0456962585,-291.6666870117,-29.5616502762
75.4593582153,-291.6666870117,-5.5334286690
66.6136331558,-244.0981826782,-74.7026271820
66.5553388596,-244.0913238525,-86.9868106842
66.8898324966,-244.0852012634,-99.3630104065
67.3464498520,-244.0799789429,-111.7393531799
67.7688207626,-244.0756492615,-124.0831279755
68.1084642410,-244.0720252991,-136.3746452332
68.3527030945,-244.0689735413,-148.6051750183
68.5184011459,-244.0663223267,-160.7799453735
68.6279468536,-244.0640754700,-172.9037666321
67.0341310501,-244.1058044434,-62.6131429672
80.4911136627,-244.0721511841,-124.1625251770
80.7586250305,-244.0691032410,-136.3366203308
80.9514770508,-244.0664939880,-148.4699020386
81.0846080780,-244.0642242432,-160.5636749268
81.1731510162,-244.0622520447,-172.6197776794
81.2318878174,-244.0605506897,-184.6495285034
81.2726116180,-244.0590705872,-196.6587409973
81.3059787750,-244.0578231812,-208.6497688293
81.3410434723,-244.0566215515,-220.6237258911
81.3834590912,-244.0555725098,-232.5790481567
81.4458789825,-244.0546493530,-244.5133285522
81.5424041748,-244.0537490845,-256.4244651794
81.6815681458,-244.0529937744,-268.3099136353
81.8832645416,-244.0522499084,-280.1665344238
82.1754302979,-244.0515747070,-291.9819488525
82.5790500641,-244.0509147644,-303.7410507202
83.1043472290,-244.0503768921,-315.4391708374
83.7169895172,-244.0498466492,-327.0776519775
84.2824897766,-244.0493164062,-338.6719284058
84.6786079407,-244.0489730835,-350.2568511963
67.6838006973,-244.1138954163,-50.7610006332
93.9372768402,-244.0536270142,-244.0272712708
94.0160350800,-244.0528755188,-255.9081726074
94.1300296783,-244.0522499084,-267.7695388794
94.2980937958,-244.0516281128,-279.6064376831
94.5389060974,-244.0509719849,-291.4106826782
94.8609333038,-244.0503921509,-303.1796417236
96.6507453918,-244.0482978821,-361.6411666870
96.7529201508,-244.0479736328,-373.3452606201
68.6638193130,-244.1220703125,-39.1668272018
69.9790410995,-244.1299018860,-27.8123273849
119.3973255157,-244.0802993774,-29.3435239792
59.3473682404,-244.1504478455,-16.0525722504
71.4310932159,-244.1371726990,-16.6273369789
131.6689071655,-244.0671768188,-29.4678640366
143.8957824707,-244.0540313721,-29.5616502762
61.0416669846,-244.1582984924,-5.3402295113
72.8901920319,-244.1437759399,-5.5334286690
66.6136331558,-232.2945251465,-74.7026271820
66.5553388596,-232.2738761902,-86.9868106842
66.8898324966,-232.2555809021,-99.3630104065
67.3464498520,-232.2399559021,-111.7393531799
67.7688207626,-232.2269287109,-124.0831279755
68.1084642410,-232.2160034180,-136.3746452332
68.3527030945,-232.2068748474,-148.6051750183
68.5184011459,-232.1989974976,-160.7799453735
68.6279468536,-232.1922760010,-172.9037666321
68.7011070251,-232.1865043640,-184.9856987000
68.7527561188,-232.1814155579,-197.0399169922
67.0341310501,-232.3172950745,-62.6131429672
80.9514770508,-232.1994247437,-148.4699020386
81.0846080780,-232.1926231384,-160.5636749268
81.1731510162,-232.1868019104,-172.6197776794
81.2318878174,-232.1817512512,-184.6495285034
81.2726116180,-232.1772918701,-196.6587409973
81.3059787750,-232.1734504700,-208.6497688293
81.3410434723,-232.1699485779,-220.6237258911
81.3834590912,-232.1667785645,-232.5790481567
81.4458789825,-232.1639099121,-244.5133285522
81.5424041748,-232.1613044739,-256.4244651794
81.6815681458,-232.1589164734,-268.3099136353
81.8832645416,-232.1566734314,-280.1665344238
82.1754302979,-232.1546287537,-291.9819488525
82.5790500641,-232.1527709961,-303.7410507202
83.1043472290,-232.1511039734,-315.4391708374
83.7169895172,-232.1495208740,-327.0776519775
84.2824897766,-232.1480407715,-338.6719284058
84.6786079407,-232.1468772888,-350.2568511963
67.6838006973,-232.3416213989,-50.7610006332
94.1300296783,-232.1566734314,-267.7695388794
94.2980937958,-232.1547470093,-279.6064376831
94.5389060974,-232.1529731750,-291.4106826782
96.7529201508,-232.1440277100,-373.3452606201
55.8989305496,-232.3994712830,-38.0302286148
68.6638193130,-232.3661689758,-39.1668272018
57.5947504044,-232.4264793396,-26.8871483803
69.9790410995,-232.3897018433,-27.8123273849
119.3973255157,-232.2409172058,-29.3435239792
59.3473682404,-232.4514770508,-16.0525722504
71.4310932159,-232.4115524292,-16.6273369789
131.6689071655,-232.2014694214,-29.4678640366
143.8957824707,-232.1621208191,-29.5616502762
61.0416669846,-232.4749755859,-5.3402295113
53.3822469711,-220.4821090698,-86.3306217194
53.4307737350,-220.5234031677,-73.7297496796
66.6136331558,-220.4908447266,-74.7026271820
66.5553388596,-220.4564056396,-86.9868106842
66.8898324966,-220.4259757996,-99.3630104065
67.3464498520,-220.4000015259,-111.7393531799
67.7688207626,-220.3782806396,-124.0831279755
68.1084642410,-220.3600044250,-136.3746452332
68.3527030945,-220.3446998596,-148.6051750183
68.5184011459,-220.3316955566,-160.7799453735
68.6279468536,-220.3205299377,-172.9037666321
68.7011070251,-220.3108825684,-184.9856987000
68.7527561188,-220.3024139404,-197.0399169922
68.7948751450,-220.2949447632,-209.0718231201
68.8378524780,-220.2882537842,-221.0850219727
54.0950937271,-220.5684280396,-61.5146226883
67.0341310501,-220.5287933350,-62.6131429672
81.1731510162,-220.3113784790,-172.6197776794
81.2318878174,-220.3029823303,-184.6495285034
81.2726116180,-220.2955970764,-196.6587409973
81.3059787750,-220.2890014648,-208.6497688293
81.3410434723,-220.2831764221,-220.6237258911
81.3834590912,-220.2779197693,-232.5790481567
81.4458789825,-220.2731056213,-244.5133285522
81.5424041748,-220.2687988281,-256.4244651794
81.6815681458,-220.2648391724,-268.3099136353
81.8832645416,-220.2611503601,-280.1665344238
82.1754302979,-220.2577018738,-291.9819488525
82.5790500641,-220.2546539307,-303.7410507202
83.1043472290,-220.2518234253,-315.4391708374
83.7169895172,-220.2491683960,-327.0776519775
84.2824897766,-220.2468223572,-338.6719284058
84.6786079407,-220.2447967529,-350.2568511963
84.9016418457,-220.2428741455,-361.8637466431
54.7780590057,-220.6171455383,-49.6092061996
67.6838006973,-220.5693244934,-50.7610006332
96.7529201508,-220.2400245667,-373.3452606201
55.8989305496,-220.6658210754,-38.0302286148
68.6638193130,-220.6102752686,-39.1668272018
57.5947504044,-220.7108078003,-26.8871483803
119.3973255157,-220.4014930725,-29.3435239792
59.3473682404,-220.7524795532,-16.0525722504
131.6689071655,-220.3357200623,-29.4678640366
143.8957824707,-220.2701454163,-29.5616502762
61.0416669846,-220.7915534973,-5.3402295113
53.3822469711,-208.6749076843,-86.3306217194
53.9591264725,-208.6242256165,-99.0489940643
54.5853862762,-208.5823936462,-111.6383438110
55.1087436676,-208.5478935242,-124.1146755219
55.5009517670,-208.5193023682,-136.4990005493
53.4307737350,-208.7327499390,-73.7297496796
66.5553388596,-208.6389503479,-86.9868106842
66.8898324966,-208.5962486267,-99.3630104065
67.3464498520,-208.5599784851,-111.7393531799
67.7688207626,-208.5295219421,-124.0831279755
68.1084642410,-208.5040206909,-136.3746452332
68.3527030945,-208.4825515747,-148.6051750183
68.5184011459,-208.4643287659,-160.7799453735
68.6279468536,-208.4487228394,-172.9037666321
68.7011070251,-208.4351997375,-184.9856987000
68.7527561188,-208.4233436584,-197.0399169922
68.7948751450,-208.4128684998,-209.0718231201
68.8378524780,-208.4035987854,-221.0850219727
68.8890838623,-208.3952903748,-233.0819778442
68.9607839584,-208.3877449036,-245.0604324341
73.2307090759,-208.3416786194,-362.1018295288
54.0950937271,-208.7957267761,-61.5146226883
81.2726116180,-208.4138259888,-196.6587409973
81.3059787750,-208.4046020508,-208.6497688293
81.3410434723,-208.3964233398,-220.6237258911
81.3834590912,-208.3890953064,-232.5790481567
81.4458789825,-208.3823699951,-244.5133285522
81.5424041748,-208.3762931824,-256.4244651794
81.6815681458,-208.3707504272,-268.3099136353
81.8832645416,-208.3656005859,-280.1665344238
82.1754302979,-208.3608474731,-291.9819488525
82.5790500641,-208.3565559387,-303.7410507202
83.1043472290,-208.3525314331,-315.4391708374
83.7169895172,-208.3488502502,-327.0776519775
84.2824897766,-208.3456077576,-338.6719284058
84.6786079407,-208.3426437378,-350.2568511963
84.9016418457,-208.3400268555,-361.8637466431
54.7780590057,-208.8638648987,-49.6092061996
96.7529201508,-208.3360443115,-373.3452606201
42.5526399612,-209.0147018433,-36.2566514015
55.8989305496,-208.9320907593,-38.0302286148
45.3349590302,-209.0832748413,-25.4472827911
57.5947504044,-208.9950714111,-26.8871483803
119.3973255157,-208.5620002747,-29.3435239792
47.4526042938,-209.1471252441,-15.1934847832
59.3473682404,-209.0534515381,-16.0525722504
131.6689071655,-208.4700508118,-29.4678640366
143.8957824707,-208.3782272339,-29.5616502762
49.2586774826,-209.2099723816,-5.0576145649
61.0416669846,-209.1080818176,-5.3402295113
53.3822469711,-196.8676757812,-86.3306217194
53.9591264725,-196.8026084900,-99.0489940643
54.5853862762,-196.7487754822,-111.6383438110
55.1087436676,-196.7044219971,-124.1146755219
55.5009517670,-196.6676559448,-136.4990005493
55.7838449478,-196.6368789673,-148.8036537170
55.9760684967,-196.6109046936,-161.0423469543
53.4307737350,-196.9420700073,-73.7297496796
68.1084642410,-196.6480255127,-136.3746452332
68.3527030945,-196.6204032898,-148.6051750183
68.5184011459,-196.5969581604,-160.7799453735
68.6279468536,-196.5769538879,-172.9037666321
68.7011070251,-196.5595512390,-184.9856987000
68.7527561188,-196.5442962646,-197.0399169922
68.7948751450,-196.5308647156,-209.0718231201
68.8378524780,-196.5189971924,-221.0850219727
68.8890838623,-196.5082702637,-233.0819778442
68.9607839584,-196.4985504150,-245.0604324341
69.0697412491,-196.4898033142,-257.0165519714
41.4607620239,-197.0874481201,-59.9878673553
54.0950937271,-197.0230751038,-61.5146226883
81.3834590912,-196.5002784729,-232.5790481567
81.4458789825,-196.4916229248,-244.5133285522
81.5424041748,-196.4837989807,-256.4244651794
81.6815681458,-196.4766807556,-268.3099136353
81.8832645416,-196.4700431824,-280.1665344238
82.1754302979,-196.4640197754,-291.9819488525
82.5790500641,-196.4584274292,-303.7410507202
83.1043472290,-196.4532470703,-315.4391708374
83.7169895172,-196.4485397339,-327.0776519775
84.2824897766,-196.4442977905,-338.6719284058
84.6786079407,-196.4405212402,-350.2568511963
84.9016418457,-196.4371719360,-361.8637466431
41.4279994965,-197.1968765259,-48.0182275772
54.7780590057,-197.1106948853,-49.6092061996
96.7914104462,-196.4298477173,-385.0748825073
42.5526399612,-197.3046722412,-36.2566514015
55.8989305496,-197.1984176636,-38.0302286148
45.3349590302,-197.3928260803,-25.4472827911
119.3973255157,-196.7225494385,-29.3435239792
47.4526042938,-197.4748764038,-15.1934847832
131.6689071655,-196.6042938232,-29.4678640366
143.8957824707,-196.4863014221,-29.5616502762
49.2586774826,-197.5556945801,-5.0576145649
39.4650964737,-185.1049842834,-85.6008872986
53.3822469711,-185.0605812073,-86.3306217194
53.9591264725,-184.9810333252,-99.0489940643
54.5853862762,-184.9151535034,-111.6383438110
55.1087436676,-184.8609352112,-124.1146755219
55.5009517670,-184.8160095215,-136.4990005493
55.7838449478,-184.7784309387,-148.8036537170
55.9760684967,-184.7467117310,-161.0423469543
56.1033182144,-184.7196273804,-173.2238426208
56.1880731583,-184.6962432861,-185.3543548584
56.2491874695,-184.6758728027,-197.4507713318
39.7738227844,-185.2150650024,-72.2030315399
53.4307737350,-185.1514701843,-73.7297496796
68.5184011459,-184.7296829224,-160.7799453735
68.6279468536,-184.7051582336,-172.9037666321
68.7011070251,-184.6838760376,-184.9856987000
68.7527561188,-184.6652526855,-197.0399169922
68.7948751450,-184.6488952637,-209.0718231201
68.8378524780,-184.6343002319,-221.0850219727
68.8890838623,-184.6211967468,-233.0819778442
68.9607839584,-184.6094055176,-245.0604324341
69.0697412491,-184.5986518860,-257.0165519714
69.2289819717,-184.5889511108,-268.9464111328
41.4607620239,-185.3291473389,-59.9878673553
54.0950937271,-185.2504501343,-61.5146226883
81.5424041748,-184.5913276672,-256.4244651794
81.6815681458,-184.5825996399,-268.3099136353
81.8832645416,-184.5745010376,-280.1665344238
82.1754302979,-184.5671348572,-291.9819488525
82.5790500641,-184.5602531433,-303.7410507202
83.1043472290,-184.5539970398,-315.4391708374
83.7169895172,-184.5482444763,-327.0776519775
84.2824897766,-184.5429916382,-338.6719284058
84.6786079407,-184.5383987427,-350.2568511963
84.9016418457,-184.5343170166,-361.8637466431
41.4279994965,-185.4628829956,-48.0182275772
54.7780590057,-185.3576278687,-49.6092061996
96.7914104462,-184.5253486633,-385.0748825073
42.5526399612,-185.5945739746,-36.2566514015
33.7964954376,-185.8505744934,-23.0605907440
45.3349590302,-185.7023506165,-25.4472827911
119.3973255157,-184.8830986023,-29.3435239792
35.9855480194,-185.9532279968,-13.8871376514
47.4526042938,-185.8026275635,-15.1934847832
131.6689071655,-184.7385482788,-29.4678640366
143.8957824707,-184.5943527222,-29.5616502762
37.6137371063,-186.0621376038,-4.6427023411
49.2586774826,-185.9014015198,-5.0576145649
39.4650964737,-173.3058891296,-85.6008872986
40.9498758316,-173.1933555603,-99.0758171082
41.8813686371,-173.1074752808,-111.8381004333
42.5123901367,-173.0381774902,-124.3833942413
42.9420518875,-172.9813041687,-136.7969970703
53.3822469711,-173.2534370422,-86.3306217194
53.9591264725,-173.1593627930,-99.0489940643
54.5853862762,-173.0815582275,-111.6383438110
55.1087436676,-173.0174865723,-124.1146755219
55.5009517670,-172.9644088745,-136.4990005493
55.7838449478,-172.9200019836,-148.8036537170
55.9760684967,-172.8825035095,-161.0423469543
56.1033182144,-172.8505020142,-173.2238426208
56.1880731583,-172.8228530884,-185.3543548584
56.2491874695,-172.7987785339,-197.4507713318
56.2988748550,-172.7776565552,-209.5231742859
56.3484020233,-172.7588844299,-221.5764045715
39.7738227844,-173.4359245300,-72.2030315399
53.4307737350,-173.3608741760,-73.7297496796
68.7527561188,-172.7862777710,-197.0399169922
68.7948751450,-172.7669219971,-209.0718231201
68.8378524780,-172.7496032715,-221.0850219727
68.8890838623,-172.7341499329,-233.0819778442
68.9607839584,-172.7201766968,-245.0604324341
69.0697412491,-172.7075233459,-257.0165519714
69.2289819717,-172.6960296631,-268.9464111328
69.4594326019,-172.6854095459,-280.8439331055
41.4607620239,-173.5707702637,-59.9878673553
81.8832645416,-172.6789627075,-280.1665344238
82.1754302979,-172.6702346802,-291.9819488525
82.5790500641,-172.6621475220,-303.7410507202
83.1043472290,-172.6547203064,-315.4391708374
83.7169895172,-172.6478996277,-327.0776519775
84.2824897766,-172.6417579651,-338.6719284058
84.6786079407,-172.6363258362,-350.2568511963
84.9016418457,-172.6315460205,-361.8637466431
84.9975662231,-172.6274185181,-373.5034027100
41.4279994965,-173.7288551331,-48.0182275772
96.7914104462,-172.6208381653,-385.0748825073
30.2380962372,-174.0679435730,-32.2797145844
42.5526399612,-173.8844947815,-36.2566514015
33.7964954376,-174.1870498657,-23.0605907440
45.3349590302,-174.0118751526,-25.4472827911
119.3973255157,-173.0436744690,-29.3435239792
35.9855480194,-174.3083343506,-13.8871376514
131.6689071655,-172.8729248047,-29.4678640366
143.8957824707,-172.7024536133,-29.5616502762
37.6137371063,-174.4370498657,-4.6427023411
39.4650964737,-161.5067787170,-85.6008872986
40.9498758316,-161.3769531250,-99.0758171082
41.8813686371,-161.2778968811,-111.8381004333
42.5123901367,-161.1978950500,-124.3833942413
42.9420518875,-161.1322212219,-136.7969970703
43.2407255173,-161.0775527954,-149.1219482422
43.4459257126,-161.0315513611,-161.3828811646
55.5009517670,-161.1128082275,-136.4990005493
55.7838449478,-161.0615005493,-148.8036537170
55.9760684967,-161.0181922913,-161.0423469543
56.1033182144,-160.9812965393,-173.2238426208
56.1880731583,-160.9494323730,-185.3543548584
56.2491874695,-160.9216003418,-197.4507713318
56.2988748550,-160.8972244263,-209.5231742859
56.3484020233,-160.8755531311,-221.5764045715
56.4073829651,-160.8562049866,-233.6160545349
56.4869422913,-160.8388252258,-245.6448554993
39.7738227844,-161.6567535400,-72.2030315399
68.8378524780,-160.8648986816,-221.0850219727
68.8890838623,-160.8470764160,-233.0819778442
68.9607839584,-160.8310012817,-245.0604324341
69.0697412491,-160.8163986206,-257.0165519714
69.2289819717,-160.8030738831,-268.9464111328
69.4594326019,-160.7908287048,-280.8439331055
69.7954463959,-160.7796745300,-292.6953887939
73.2902469635,-160.7274513245,-373.6538085938
30.2884597778,-161.9008941650,-58.0408382416
41.4607620239,-161.8124465942,-59.9878673553
82.1754302979,-160.7733268738,-291.9819488525
82.5790500641,-160.7640190125,-303.7410507202
83.1043472290,-160.7553977966,-315.4391708374
83.7169895172,-160.7475242615,-327.0776519775
84.2824897766,-160.7405319214,-338.6719284058
84.6786079407,-160.7342033386,-350.2568511963
84.9016418457,-160.7286758423,-361.8637466431
84.9975662231,-160.7239532471,-373.5034027100
29.5186576843,-162.0795783997,-48.0689344406
41.4279994965,-161.9948501587,-48.0182275772
96.7914104462,-160.7164001465,-385.0748825073
23.8444099426,-162.2918319702,-39.4193067551
30.2380962372,-162.3860435486,-32.2797145844
42.5526399612,-162.1744003296,-36.2566514015
23.7852849960,-162.7304573059,-20.2679305077
33.7964954376,-162.5235748291,-23.0605907440
119.3973255157,-161.2042770386,-29.3435239792
35.9855480194,-162.6635513306,-13.8871376514
131.6689071655,-161.0071678162,-29.4678640366
143.8957824707,-160.8104934692,-29.5616502762
37.6137371063,-162.8119888306,-4.6427023411
25.1513051987,-162.8770027161,-12.3434430361
26.1095376015,-163.0354423523,-4.1203947067
39.4650964737,-149.7077255249,-85.6008872986
40.9498758316,-149.5605735779,-99.0758171082
41.8813686371,-149.4483299255,-111.8381004333
42.5123901367,-149.3576316833,-124.3833942413
42.9420518875,-149.2831993103,-136.7969970703
43.2407255173,-149.2212486267,-149.1219482422
43.4459257126,-149.1691017151,-161.3828811646
43.5836839676,-149.1246757507,-173.5918235779
43.6761875153,-149.0865287781,-185.7549743652
43.7433691025,-149.0533523560,-197.8826980591
55.9760684967,-149.1539649963,-161.0423469543
56.1033182144,-149.1120719910,-173.2238426208
56.1880731583,-149.0760078430,-185.3543548584
56.2491874695,-149.0445022583,-197.4507713318
56.2988748550,-149.0168266296,-209.5231742859
56.3484020233,-148.9922065735,-221.5764045715
56.4073829651,-148.9702568054,-233.6160545349
56.4869422913,-148.9506034851,-245.6448554993
56.6038942337,-148.9327812195,-257.6605949402
27.6229152679,-149.9890975952,-68.0434932709
39.7738227844,-149.8777542114,-72.2030315399
68.8890838623,-148.9600334167,-233.0819778442
68.9607839584,-148.9417800903,-245.0604324341
69.0697412491,-148.9252548218,-257.0165519714
69.2289819717,-148.9101219177,-268.9464111328
69.4594326019,-148.8963508606,-280.8439331055
69.7954463959,-148.8837318420,-292.6953887939
70.2778100967,-148.8721771240,-304.4721908569
30.2884597778,-150.1544265747,-58.0408382416
41.4607620239,-150.0541572571,-59.9878673553
82.5790500641,-148.8659248352,-303.7410507202
83.1043472290,-148.8561782837,-315.4391708374
83.7169895172,-148.8472251892,-327.0776519775
84.2824897766,-148.8392524719,-338.6719284058
84.6786079407,-148.8320846558,-350.2568511963
84.9016418457,-148.8258094788,-361.8637466431
84.9975662231,-148.8204498291,-373.5034027100
29.5186576843,-150.3568229675,-48.0689344406
41.4279994965,-150.2607994080,-48.0182275772
23.8444099426,-150.5973777771,-39.4193067551
30.2380962372,-150.7042198181,-32.2797145844
20.8041126728,-150.9509010315,-27.3667621613
23.7852849960,-151.0944824219,-20.2679305077
33.7964954376,-150.8600807190,-23.0605907440
119.3973255157,-149.3648414612,-29.3435239792
35.9855480194,-151.0186958313,-13.8871376514
131.6689071655,-149.1414451599,-29.4678640366
143.8957824707,-148.9185714722,-29.5616502762
37.6137371063,-151.1868934631,-4.6427023411
25.1513051987,-151.2605476379,-12.3434430361
26.1095376015,-151.4401206970,-4.1203947067
22.0449519157,-138.4819030762,-56.2785148621
29.9956045151,-137.5247764587,-124.9551963806
29.3318223953,-137.6278686523,-112.5472278595
28.1735858917,-137.7542266846,-100.0681343079
25.9967889786,-137.9166984558,-87.1564540863
39.4650964737,-137.9085960388,-85.6008872986
40.9498758316,-137.7441787720,-99.0758171082
41.8813686371,-137.6186485291,-111.8381004333
42.5123901367,-137.5172996521,-124.3833942413
42.9420518875,-137.4341735840,-136.7969970703
43.2407255173,-137.3650245667,-149.1219482422
43.4459257126,-137.3066711426,-161.3828811646
43.5836839676,-137.2569999695,-173.5918235779
43.6761875153,-137.2143249512,-185.7549743652
43.7433691025,-137.1772460938,-197.8826980591
43.7986049652,-137.1446762085,-209.9882545471
56.1880731583,-137.2025756836,-185.3543548584
56.2491874695,-137.1674232483,-197.4507713318
56.2988748550,-137.1364212036,-209.5231742859
56.3484020233,-137.1089515686,-221.5764045715
56.4073829651,-137.0844459534,-233.6160545349
56.4869422913,-137.0623703003,-245.6448554993
56.6038942337,-137.0424728394,-257.6605949402
56.7751264572,-137.0243988037,-269.6602706909
20.8228728771,-138.0887718201,-75.9612598419
27.6229152679,-138.2231369019,-68.0434932709
39.7738227844,-138.0986976624,-72.2030315399
69.0697412491,-137.0340919495,-257.0165519714
69.2289819717,-137.0171928406,-268.9464111328
69.4594326019,-137.0018234253,-280.8439331055
69.7954463959,-136.9876747131,-292.6953887939
70.2778100967,-136.9747734070,-304.4721908569
70.9424171448,-136.9630508423,-316.1404342651
30.2884597778,-138.4078750610,-58.0408382416
41.4607620239,-138.2957763672,-59.9878673553
83.1043472290,-136.9569206238,-315.4391708374
83.7169895172,-136.9469223022,-327.0776519775
84.2824897766,-136.9379577637,-338.6719284058
84.6786079407,-136.9299583435,-350.2568511963
84.9016418457,-136.9228973389,-361.8637466431
84.9975662231,-136.9169654846,-373.5034027100
21.3643698692,-138.6381072998,-49.9847774506
29.5186576843,-138.6341056824,-48.0689344406
23.8444099426,-138.9029541016,-39.4193067551
30.2380962372,-139.0223808289,-32.2797145844
15.9858341217,-139.1609992981,-33.3505597115
20.8041126728,-139.2980308533,-27.3667621613
23.7852849960,-139.4585266113,-20.2679305077
33.7964954376,-139.1965408325,-23.0605907440
119.3973255157,-137.5254745483,-29.3435239792
35.9855480194,-139.3737754822,-13.8871376514
131.6689071655,-137.2757759094,-29.4678640366
143.8957824707,-137.0267028809,-29.5616502762
25.1513051987,-139.6441001892,-12.3434430361
26.1095376015,-139.8448028564,-4.1203947067
22.0449519157,-126.7430515289,-56.2785148621
15.6843349934,-128.0828723907,-18.3159744740
13.8711524010,-127.9021301270,-23.7202129364
30.7148265839,-125.5134544373,-149.5726585388
30.4244189262,-125.5915031433,-137.2913513184
29.9956045151,-125.6852798462,-124.9551963806
29.3318223953,-125.7991752625,-112.5472278595
28.1735858917,-125.9388542175,-100.0681343079
25.9967889786,-126.1184291840,-87.1564540863
39.4650964737,-126.1094684601,-85.6008872986
40.9498758316,-125.9277229309,-99.0758171082
41.8813686371,-125.7889728546,-111.8381004333
42.5123901367,-125.6770057678,-124.3833942413
42.9420518875,-125.5850772858,-136.7969970703
43.2407255173,-125.5086250305,-149.1219482422
43.4459257126,-125.4442005157,-161.3828811646
43.5836839676,-125.3893318176,-173.5918235779
43.6761875153,-125.3421592712,-185.7549743652
43.7433691025,-125.3012046814,-197.8826980591
43.7986049652,-125.2652015686,-209.9882545471
43.8525781631,-125.2333526611,-222.0788230896
43.9162197113,-125.2049732208,-234.1601638794
56.2988748550,-125.2560501099,-209.5231742859
56.3484020233,-125.2257747650,-221.5764045715
56.4073829651,-125.1986923218,-233.6160545349
56.4869422913,-125.1742401123,-245.6448554993
56.6038942337,-125.1521968842,-257.6605949402
56.7751264572,-125.1321487427,-269.6602706909
57.0240249634,-125.1139450073,-281.6357421875
20.8228728771,-126.3086242676,-75.9612598419
27.6229152679,-126.4570941925,-68.0434932709
69.2289819717,-125.1242542267,-268.9464111328
69.4594326019,-125.1072540283,-280.8439331055
69.7954463959,-125.0916309357,-292.6953887939
70.2778100967,-125.0773029327,-304.4721908569
70.9424171448,-125.0643215179,-316.1404342651
71.7743034363,-125.0525722504,-327.6864624023
19.0253570080,-126.5907707214,-62.7277736664
30.2884597778,-126.6611995697,-58.0408382416
83.7169895172,-125.0466270447,-327.0776519775
84.2824897766,-125.0367050171,-338.6719284058
84.6786079407,-125.0278511047,-350.2568511963
84.9016418457,-125.0200977325,-361.8637466431
84.9975662231,-125.0135173798,-373.5034027100
21.3643698692,-126.9157772064,-49.9847774506
29.5186576843,-126.9113807678,-48.0689344406
16.6635570526,-127.1175975800,-44.0247297287
23.8444099426,-127.2085475922,-39.4193067551
30.2380962372,-127.3404541016,-32.2797145844
15.9858341217,-127.4936923981,-33.3505597115
20.8041126728,-127.6450786591,-27.3667621613
23.7852849960,-127.8224754333,-20.2679305077
33.7964954376,-127.5329093933,-23.0605907440
143.8957824707,-125.1347312927,-29.5616502762
14.3738410473,-128.3865547180,-11.1122697592
25.1513051987,-128.0277004242,-12.3434430361
26.1095376015,-128.2496032715,-4.1203947067
14.1877262592,-128.6274547577,-3.5780596733
14.1852405071,-114.6881275177,-68.5853128433
22.0449519157,-115.0043048859,-56.2785148621
15.6843349934,-116.4717731476,-18.3159744740
13.8711524010,-116.2738018036,-23.7202129364
31.0485701561,-113.5242767334,-174.0194511414
30.9136586189,-113.5855808258,-161.8128280640
30.7148265839,-113.6575565338,-149.5726585388
30.4244189262,-113.7430515289,-137.2913513184
29.9956045151,-113.8458251953,-124.9551963806
29.3318223953,-113.9705276489,-112.5472278595
28.1735858917,-114.1234779358,-100.0681343079
25.9967889786,-114.3201484680,-87.1564540863
42.5123901367,-113.8367748260,-124.3833942413
42.9420518875,-113.7360515594,-136.7969970703
43.2407255173,-113.6522750854,-149.1219482422
43.4459257126,-113.5817527771,-161.3828811646
43.5836839676,-113.5216541290,-173.5918235779
43.6761875153,-113.4699287415,-185.7549743652
43.7433691025,-113.4250774384,-197.8826980591
43.7986049652,-113.3856754303,-209.9882545471
43.8525781631,-113.3508491516,-222.0788230896
43.9162197113,-113.3197498322,-234.1601638794
44.0007200241,-113.2918491364,-246.2393798828
56.4073829651,-113.3129005432,-233.6160545349
56.4869422913,-113.2861232758,-245.6448554993
56.6038942337,-113.2618961334,-257.6605949402
56.7751264572,-113.2399730682,-269.6602706909
57.0240249634,-113.2200469971,-281.6357421875
57.3914594650,-113.2018241882,-293.5700225830
20.8228728771,-114.5284729004,-75.9612598419
27.6229152679,-114.6910972595,-68.0434932709
69.4594326019,-113.2126998901,-280.8439331055
69.7954463959,-113.1956272125,-292.6953887939
70.2778100967,-113.1799507141,-304.4721908569
70.9424171448,-113.1656703949,-316.1404342651
71.7743034363,-113.1527957916,-327.6864624023
72.5393619537,-113.1413516998,-339.1529388428
19.0253570080,-114.8375511169,-62.7277736664
30.2884597778,-114.9147033691,-58.0408382416
84.2824897766,-113.1354484558,-338.6719284058
84.6786079407,-113.1256980896,-350.2568511963
84.9016418457,-113.1172256470,-361.8637466431
84.9975662231,-113.1100196838,-373.5034027100
16.4973552227,-115.1080513000,-53.3365764618
21.3643698692,-115.1934261322,-49.9847774506
29.5186576843,-115.1886768341,-48.0689344406
16.6635570526,-115.4144992828,-44.0247297287
23.8444099426,-115.5141220093,-39.4193067551
30.2380962372,-115.6586494446,-32.2797145844
10.4826986790,-115.6494998932,-38.5728321075
15.9858341217,-115.8264236450,-33.3505597115
20.8041126728,-115.9923038483,-27.3667621613
23.7852849960,-116.1865787506,-20.2679305077
131.9461288452,-113.6115970612,-17.6770148277
143.9859466553,-113.2717514038,-17.7347452641
14.3738410473,-116.8043003082,-11.1122697592
25.1513051987,-116.4112739563,-12.3434430361
26.1095376015,-116.6542968750,-4.1203947067
14.0294926167,-117.0681266785,-3.5125172138
14.1852405071,-102.9218750000,-68.5853128433
22.0449519157,-103.2656021118,-56.2785148621
15.6843349934,-104.8605995178,-18.3159744740
13.8711524010,-104.6454982758,-23.7202129364
9.4535267353,-104.9808483124,-19.1595275402
31.2076807022,-101.5499706268,-198.3369827271
31.1406426430,-101.5995941162,-186.1920318604
31.0485701561,-101.6568241119,-174.0194511414
30.9136586189,-101.7234516144,-161.8128280640
30.7148265839,-101.8017292023,-149.5726585388
30.4244189262,-101.8946762085,-137.2913513184
29.9956045151,-102.0063781738,-124.9551963806
29.3318223953,-102.1419563293,-112.5472278595
28.1735858917,-102.3081550598,-100.0681343079
25.9967889786,-102.5219230652,-87.1564540863
43.2407255173,-101.7959766388,-149.1219482422
43.4459257126,-101.7193012238,-161.3828811646
43.5836839676,-101.6540012360,-173.5918235779
43.6761875153,-101.5977993011,-185.7549743652
43.7433691025,-101.5490226746,-197.8826980591
43.7986049652,-101.5061721802,-209.9882545471
43.8525781631,-101.4682502747,-222.0788230896
43.9162197113,-101.4344787598,-234.1601638794
44.0007200241,-101.4041767120,-246.2393798828
44.1207237244,-101.3767490387,-258.3209686279
56.4869422913,-101.3979778290,-245.6448554993
56.6038942337,-101.3716526031,-257.6605949402
56.7751264572,-101.3478240967,-269.6602706909
57.0240249634,-101.3261203766,-281.6357421875
57.3914594650,-101.3063030243,-293.5700225830
57.9408950806,-101.2883300781,-305.4219131470
20.8228728771,-102.7483749390,-75.9612598419
27.6229152679,-102.9251441956,-68.0434932709
70.2778100967,-101.2825489044,-304.4721908569
70.9424171448,-101.2670764923,-316.1404342651
71.7743034363,-101.2530479431,-327.6864624023
72.5393619537,-101.2405719757,-339.1529388428
73.0140171051,-101.2296009064,-350.6095199585
19.0253570080,-103.0843009949,-62.7277736664
30.2884597778,-103.1682186127,-58.0408382416
84.6786079407,-101.2236213684,-350.2568511963
84.9016418457,-101.2143764496,-361.8637466431
84.9975662231,-101.2065467834,-373.5034027100
16.4973552227,-103.3783473969,-53.3365764618
21.3643698692,-103.4711742401,-49.9847774506
16.6635570526,-103.7114486694,-44.0247297287
23.8444099426,-103.8196716309,-39.4193067551
10.4826986790,-103.9668292999,-38.5728321075
15.9858341217,-104.1591987610,-33.3505597115
20.8041126728,-104.3395519257,-27.3667621613
9.4002403617,-104.4733028412,-28.3847632408
23.7852849960,-104.5506744385,-20.2679305077
132.2330017090,-101.7754936218,-5.8915953636
144.0799484253,-101.3905963898,-5.9109387398
-12.8240096569,-105.4092521667,-4.0201419350
-7.2708590627,-105.4613628387,-10.1198455095
5.6862178445,-105.4816551208,-12.3110219240
14.3901519775,-105.2229747772,-11.1496367455
25.1513051987,-104.7948703766,-12.3434430361
14.1922960281,-105.5098037720,-3.6295300480
14.1852405071,-90.9738578796,-68.5853128433
22.0449519157,-91.3089332581,-56.2785148621
15.6843349934,-92.8640575409,-18.3159744740
13.8711524010,-92.6543369293,-23.7202129364
9.4535267353,-92.9813194275,-19.1595275402
31.2627420425,-89.5938472748,-210.4647827148
31.2076807022,-89.6362247467,-198.3369827271
31.1406426430,-89.6846141815,-186.1920318604
31.0485701561,-89.7404060364,-174.0194511414
30.9136586189,-89.8053512573,-161.8128280640
30.7148265839,-89.8816776276,-149.5726585388
30.4244189262,-89.9723243713,-137.2913513184
29.9956045151,-90.0811672211,-124.9551963806
29.3318223953,-90.2133426666,-112.5472278595
28.1735858917,-90.3754177094,-100.0681343079
25.9967889786,-90.5838718414,-87.1564540863
43.6761875153,-89.6828441620,-185.7549743652
43.7433691025,-89.6352519989,-197.8826980591
43.7986049652,-89.5934982300,-209.9882545471
43.8525781631,-89.5565624237,-222.0788230896
43.9162197113,-89.5236225128,-234.1601638794
44.0007200241,-89.4940509796,-246.2393798828
44.1207237244,-89.4673557281,-258.3209686279
44.2948760986,-89.4431667328,-270.4074020386
56.6038942337,-89.4623985291,-257.6605949402
56.7751264572,-89.4391403198,-269.6602706909
57.0240249634,-89.4179553986,-281.6357421875
57.3914594650,-89.3986644745,-293.5700225830
57.9408950806,-89.3811416626,-305.4219131470
58.7615423203,-89.3653659821,-317.1046371460
20.8228728771,-90.8046722412,-75.9612598419
17.0244698524,-90.1885299683,-113.5878028870
16.1011967659,-90.3404312134,-101.6607990265
14.4519150257,-90.5162849426,-90.2291755676
11.7257198095,-90.6969547272,-80.2535953522
27.6229152679,-90.9770069122,-68.0434932709
70.9424171448,-89.3603897095,-316.1404342651
71.7743034363,-89.3467350006,-327.6864624023
72.5393619537,-89.3345489502,-339.1529388428
73.0140171051,-89.3238639832,-350.6095199585
19.0253570080,-91.1321945190,-62.7277736664
84.9016418457,-89.3090248108,-361.8637466431
84.9975662231,-89.3013916016,-373.5034027100
85.0167083740,-89.2952957153,-385.1789398193
12.6385190487,-91.2577476501,-58.3990097046
16.4973552227,-91.4188594818,-53.3365764618
21.3643698692,-91.5093574524,-49.9847774506
11.2532472610,-91.5855007172,-48.6565418243
16.6635570526,-91.7436408997,-44.0247297287
23.8444099426,-91.8491954803,-39.4193067551
10.4826986790,-91.9926986694,-38.5728321075
15.9858341217,-92.1802444458,-33.3505597115
20.8041126728,-92.3560428619,-27.3667621613
9.4002403617,-92.4864768982,-28.3847632408
120.3787002563,-90.2126960754,-5.8689756393
132.2330017090,-89.8561553955,-5.8915953636
144.0799484253,-89.4808654785,-5.9109387398
-12.7885271311,-93.3985862732,-4.0110564586
-7.3182438612,-93.4475917816,-10.2448782921
-1.2916316986,-93.2502479553,-15.9877865314
5.6680601835,-93.4673576355,-12.2778210640
14.3937176466,-93.2169857025,-11.1465102434
14.3150471449,-93.4966163635,-3.6859870311
8.5398782492,-78.7345943451,-72.9092922211
14.1852405071,-78.8440132141,-68.5853128433
22.0449519157,-79.1344089508,-56.2785148621
15.6843349934,-80.4821834564,-18.3159744740
13.8711524010,-80.3004245758,-23.7202129364
9.4535267353,-80.5838146210,-19.1595275402
31.3164606094,-77.6155700684,-222.5831222534
31.2627420425,-77.6480045319,-210.4647827148
31.2076807022,-77.6847343445,-198.3369827271
31.1406426430,-77.7266693115,-186.1920318604
31.0485701561,-77.7750167847,-174.0194511414
30.9136586189,-77.8313102722,-161.8128280640
30.7148265839,-77.8974628448,-149.5726585388
30.4244189262,-77.9760131836,-137.2913513184
29.9956045151,-78.0703411102,-124.9551963806
29.3318223953,-78.1848983765,-112.5472278595
28.1735858917,-78.3253669739,-100.0681343079
25.9967889786,-78.5060291290,-87.1564540863
43.7986049652,-77.6476993561,-209.9882545471
43.8525781631,-77.6156845093,-222.0788230896
43.9162197113,-77.5871353149,-234.1601638794
44.0007200241,-77.5615081787,-246.2393798828
44.1207237244,-77.5383701324,-258.3209686279
44.2948760986,-77.5174083710,-270.4074020386
44.5490140915,-77.4983577728,-282.4996490479
56.7751264572,-77.5139141083,-269.6602706909
57.0240249634,-77.4955596924,-281.6357421875
57.3914594650,-77.4788360596,-293.5700225830
57.9408950806,-77.4636516571,-305.4219131470
58.7615423203,-77.4499855042,-317.1046371460
20.8228728771,-78.6973819733,-75.9612598419
17.5730946064,-78.0529479980,-125.7131729126
17.0244698524,-78.1633911133,-113.5878028870
16.1011967659,-78.2950382233,-101.6607990265
14.4519150257,-78.4474430084,-90.2291755676
11.7257198095,-78.6040210724,-80.2535953522
27.6229152679,-78.8467445374,-68.0434932709
70.9424171448,-77.4456672668,-316.1404342651
71.7743034363,-77.4338340759,-327.6864624023
72.5393619537,-77.4232769012,-339.1529388428
73.0140171051,-77.4140186310,-350.6095199585
73.2307090759,-77.4060401917,-362.1018295288
19.0253570080,-78.9812374115,-62.7277736664
84.9975662231,-77.3945407867,-373.5034027100
85.0167083740,-77.3892536163,-385.1789398193
8.3249574900,-78.9422492981,-63.6797409058
12.6385190487,-79.0900459290,-58.3990097046
16.4973552227,-79.2296810150,-53.3365764618
11.2532472610,-79.3741035461,-48.6565418243
16.6635570526,-79.5111579895,-44.0247297287
23.8444099426,-79.6026363373,-39.4193067551
5.1625382006,-79.5317363739,-43.7307758331
10.4826986790,-79.7270088196,-38.5728321075
15.9858341217,-79.8895435333,-33.3505597115
20.8041126728,-80.0419006348,-27.3667621613
4.1935580373,-79.9492988586,-33.3297319412
9.4002403617,-80.1549415588,-28.3847632408
3.8519227803,-80.4594440460,-22.8531918526
108.5147037506,-78.4903621674,-5.8314256668
120.3787002563,-78.1843318939,-5.8689756393
132.2330017090,-77.8753337860,-5.8915953636
144.0799484253,-77.5500831604,-5.9109387398
-12.7885652781,-80.9448623657,-4.0111816861
-7.3159163594,-80.9806022644,-10.2451162338
-1.2916316986,-80.8158683777,-15.9873702526
5.6657326818,-80.9977436066,-12.2780590057
14.3932520151,-80.7875232697,-11.1467040777
14.3150852919,-81.0298175812,-3.6861122586
8.5398782492,-66.6215801239,-72.9092922211
14.1852405071,-66.7141599655,-68.5853128433
13.8711524010,-67.9465141296,-23.7202129364
9.4535267353,-68.1863107681,-19.1595275402
31.3787245750,-65.6502742767,-234.6998214722
31.3164606094,-65.6747112274,-222.5831222534
31.2627420425,-65.7021532059,-210.4647827148
31.2076807022,-65.7332296371,-198.3369827271
31.1406426430,-65.7687196732,-186.1920318604
31.0485701561,-65.8096265793,-174.0194511414
30.9136586189,-65.8572626114,-161.8128280640
30.7148265839,-65.9132385254,-149.5726585388
30.4244189262,-65.9797048569,-137.2913513184
29.9956045151,-66.0595169067,-124.9551963806
29.3318223953,-66.1564493179,-112.5472278595
28.1735858917,-66.2753076553,-100.0681343079
25.9967889786,-66.4281816483,-87.1564540863
43.8525781631,-65.6748094559,-222.0788230896
43.9162197113,-65.6506528854,-234.1601638794
44.0007200241,-65.6289691925,-246.2393798828
44.1207237244,-65.6093940735,-258.3209686279
44.2948760986,-65.5916566849,-270.4074020386
44.5490140915,-65.5755319595,-282.4996490479
57.0240249634,-65.5731668472,-281.6357421875
57.3914594650,-65.5590143204,-293.5700225830
57.9408950806,-65.5461683273,-305.4219131470
58.7615423203,-65.5346021652,-317.1046371460
59.9227962494,-65.5243263245,-328.5047912598
20.8228728771,-66.5900917053,-75.9612598419
17.9385225773,-65.9669675827,-137.8975296021
17.5730946064,-66.0447998047,-125.7131729126
17.0244698524,-66.1382513046,-113.5878028870
16.1011967659,-66.2496452332,-101.6607990265
14.4519150257,-66.3786048889,-90.2291755676
11.7257198095,-66.5110931396,-80.2535953522
71.7743034363,-65.5209341049,-327.6864624023
72.5393619537,-65.5120048523,-339.1529388428
73.0140171051,-65.5041685104,-350.6095199585
73.2307090759,-65.4974136353,-362.1018295288
19.0253570080,-66.8302793503,-62.7277736664
84.9975662231,-65.4876794815,-373.5034027100
85.0167083740,-65.4832086563,-385.1789398193
8.3249574900,-66.7972850800,-63.6797409058
12.6385190487,-66.9223432541,-58.3990097046
16.4973552227,-67.0404958725,-53.3365764618
6.5652501881,-67.0164813995,-53.8963479996
11.2532472610,-67.1627035141,-48.6565418243
16.6635570526,-67.2786722183,-44.0247297287
5.1625382006,-67.2960824966,-43.7307758331
10.4826986790,-67.4613132477,-38.5728321075
15.9858341217,-67.5988435745,-33.3505597115
4.1935580373,-67.6494016647,-33.3297319412
9.4002403617,-67.8234109879,-28.3847632408
3.8519227803,-68.0810756683,-22.8531918526
120.3787002563,-66.1559715271,-5.8689756393
132.2330017090,-65.8945217133,-5.8915953636
144.0799484253,-65.6193065643,-5.9109387398
-12.7889041901,-68.4919128418,-4.0109406132
-7.3160582781,-68.5232563019,-10.2447688580
-1.2916316986,-68.3828868866,-15.9872560501
5.6658746004,-68.5377607346,-12.2777116299
14.3934242725,-68.3587636948,-11.1465340853
14.3154242039,-68.5638055801,-3.6858711857
8.5398782492,-54.5085649490,-72.9092922211
14.1852405071,-54.5843114853,-68.5853128433
9.4535267353,-55.7887945175,-19.1595275402
31.4607100487,-53.6959447861,-246.8237495422
31.3787245750,-53.7138595581,-234.6998214722
31.3164606094,-53.7338533401,-222.5831222534
31.2627420425,-53.7563076019,-210.4647827148
31.2076807022,-53.7817316055,-198.3369827271
31.1406426430,-53.8107719421,-186.1920318604
31.0485701561,-53.8442420959,-174.0194511414
30.9136586189,-53.8832159042,-161.8128280640
30.7148265839,-53.9290084839,-149.5726585388
30.4244189262,-53.9833946228,-137.2913513184
29.9956045151,-54.0486993790,-124.9551963806
29.3318223953,-54.1280050278,-112.5472278595
28.1735858917,-54.2252511978,-100.0681343079
25.9967889786,-54.3503265381,-87.1564540863
43.9162197113,-53.7141666412,-234.1601638794
44.0007200241,-53.6964263916,-246.2393798828
44.1207237244,-53.6804141998,-258.3209686279
44.2948760986,-53.6658973694,-270.4074020386
44.5490140915,-53.6527061462,-282.4996490479
44.9300813675,-53.6407241821,-294.5872268677
57.3914594650,-53.6391992569,-293.5700225830
57.9408950806,-53.6286849976,-305.4219131470
58.7615423203,-53.6192207336,-317.1046371460
59.9227962494,-53.6108131409,-328.5047912598
20.8228728771,-54.4827985764,-75.9612598419
18.1907274723,-53.9196863174,-150.0973815918
17.9385225773,-53.9729738235,-137.8975296021
17.5730946064,-54.0366573334,-125.7131729126
17.0244698524,-54.1131162643,-113.5878028870
16.1011967659,-54.2042579651,-101.6607990265
14.4519150257,-54.3097686768,-90.2291755676
11.7257198095,-54.4181671143,-80.2535953522
72.5393619537,-53.6007347107,-339.1529388428
73.0140171051,-53.5943222046,-350.6095199585
73.2307090759,-53.5887956619,-362.1018295288
19.0253570080,-54.6793174744,-62.7277736664
84.9975662231,-53.5808324814,-373.5034027100
85.0167083740,-53.5771751404,-385.1789398193
8.3249574900,-54.6523275375,-63.6797409058
12.6385190487,-54.7546434402,-58.3990097046
16.4973552227,-54.8513154984,-53.3365764618
6.5652501881,-54.8316688538,-53.8963479996
11.2532472610,-54.9513015747,-48.6565418243
16.6635570526,-55.0461912155,-44.0247297287
5.1625382006,-55.0604286194,-43.7307758331
10.4826986790,-55.1956214905,-38.5728321075
15.9858341217,-55.3081521988,-33.3505597115
4.1935580373,-55.3495168686,-33.3297319412
9.4002403617,-55.4918813705,-28.3847632408
-1.8912436664,-55.5126276016,-27.7061834335
3.8519227803,-55.7026948929,-22.8531918526
120.3787002563,-54.1276187897,-5.8689756393
132.2330017090,-53.9137010574,-5.8915953636
144.0799484253,-53.6885223389,-5.9109387398
-12.7889043093,-56.0388412476,-4.0109268893
-7.3160659075,-56.0644836426,-10.2447690964
-1.2916316986,-55.9496345520,-15.9872581959
5.6658822298,-56.0763463974,-12.2777118683
14.3154243231,-56.0976581573,-3.6858574618
8.5398782492,-42.3955545425,-72.9092922211
14.1852405071,-42.4544715881,-68.5853128433
9.4535267353,-43.3912839890,-19.1595275402
31.4607100487,-41.7635068893,-246.8237495422
31.3787245750,-41.7774448395,-234.6998214722
31.3164606094,-41.7929954529,-222.5831222534
31.2627420425,-41.8104629517,-210.4647827148
31.2076807022,-41.8302402496,-198.3369827271
31.1406426430,-41.8528261185,-186.1920318604
31.0485701561,-41.8788557053,-174.0194511414
30.9136586189,-41.9091625214,-161.8128280640
30.7148265839,-41.9447841644,-149.5726585388
30.4244189262,-41.9870843887,-137.2913513184
29.9956045151,-42.0378751755,-124.9551963806
29.3318223953,-42.0995578766,-112.5472278595
28.1735858917,-42.1751928329,-100.0681343079
25.9967889786,-42.2724761963,-87.1564540863
44.0007200241,-41.7638816833,-246.2393798828
44.1207237244,-41.7514314651,-258.3209686279
44.2948760986,-41.7401409149,-270.4074020386
44.5490140915,-41.7298822403,-282.4996490479
44.9300813675,-41.7205648422,-294.5872268677
57.3914594650,-41.7193727493,-293.5700225830
57.9408950806,-41.7111968994,-305.4219131470
58.7615423203,-41.7038393021,-317.1046371460
59.9227962494,-41.6972951889,-328.5047912598
60.9790477753,-41.6915512085,-339.7212829590
20.8228728771,-42.3755140305,-75.9612598419
18.3655076027,-41.9025764465,-162.2956924438
18.1907274723,-41.9375324249,-150.0973815918
17.9385225773,-41.9789772034,-137.8975296021
17.5730946064,-42.0285139084,-125.7131729126
17.0244698524,-42.0879812241,-113.5878028870
16.1011967659,-42.1588697433,-101.6607990265
14.4519150257,-42.2409353256,-90.2291755676
11.7257198095,-42.3252439499,-80.2535953522
72.5393619537,-41.6894636154,-339.1529388428
73.0140171051,-41.6844739914,-350.6095199585
73.2307090759,-41.6801719666,-362.1018295288
19.0253570080,-42.5283584595,-62.7277736664
84.9975662231,-41.6739845276,-373.5034027100
85.0167083740,-41.6711378098,-385.1789398193
8.3249574900,-42.5073719025,-63.6797409058
12.6385190487,-42.5869445801,-58.3990097046
16.4973552227,-42.6621360779,-53.3365764618
6.5652501881,-42.6468524933,-53.8963479996
11.2532472610,-42.7399034500,-48.6565418243
16.6635570526,-42.8137035370,-44.0247297287
5.1625382006,-42.8247842789,-43.7307758331
10.4826986790,-42.9299268723,-38.5728321075
15.9858341217,-43.0174455643,-33.3505597115
-1.0520413816,-42.9095916748,-38.7108507156
4.1935580373,-43.0496253967,-33.3297319412
9.4002403617,-43.1603574753,-28.3847632408
-1.8912436664,-43.1764888763,-27.7061834335
3.8519227803,-43.3243188858,-22.8531918526
120.3787002563,-42.0992631912,-5.8689756393
132.2330017090,-41.9328804016,-5.8915953636
144.0799484253,-41.7577390671,-5.9109387398
-12.7889043093,-43.5857639313,-4.0109271631
-7.3160659075,-43.6057071686,-10.2447693348
-1.2916316986,-43.5163784027,-15.9872581959
5.6658822298,-43.6149349213,-12.2777121067
8.5398782492,-30.2825369835,-72.9092922211
14.1852405071,-30.3246269226,-68.5853128433
9.4535267353,-30.9937725067,-19.1595275402
31.5745825768,-29.8221030235,-258.9658432007
31.4607100487,-29.8310737610,-246.8237495422
31.3787245750,-29.8410334587,-234.6998214722
31.3164606094,-29.8521404266,-222.5831222534
31.2627420425,-29.8646154404,-210.4647827148
31.2076807022,-29.8787436485,-198.3369827271
31.1406426430,-29.8948779106,-186.1920318604
31.0485701561,-29.9134688377,-174.0194511414
30.9136586189,-29.9351148605,-161.8128280640
30.7148265839,-29.9605603218,-149.5726585388
30.4244189262,-29.9907736778,-137.2913513184
29.9956045151,-30.0270490646,-124.9551963806
29.3318223953,-30.0711097717,-112.5472278595
28.1735858917,-30.1251368523,-100.0681343079
25.9967889786,-30.1946268082,-87.1564540863
44.0007200241,-29.8313460350,-246.2393798828
44.1207237244,-29.8224482536,-258.3209686279
44.2948760986,-29.8143849373,-270.4074020386
44.5490140915,-29.8070597649,-282.4996490479
44.9300813675,-29.8004040718,-294.5872268677
57.3914594650,-29.7995538712,-293.5700225830
57.9408950806,-29.7937145233,-305.4219131470
58.7615423203,-29.7884554863,-317.1046371460
59.9227962494,-29.7837767601,-328.5047912598
60.9790477753,-29.7796778679,-339.7212829590
20.8228728771,-30.2682232857,-75.9612598419
18.3655076027,-29.9304132462,-162.2956924438
18.1907274723,-29.9553804398,-150.0973815918
17.9385225773,-29.9849848747,-137.8975296021
17.5730946064,-30.0203638077,-125.7131729126
17.0244698524,-30.0628399849,-113.5878028870
16.1011967659,-30.1134748459,-101.6607990265
14.4519150257,-30.1720967293,-90.2291755676
11.7257198095,-30.2323179245,-80.2535953522
72.5393619537,-29.7781829834,-339.1529388428
73.0140171051,-29.7746214867,-350.6095199585
73.2307090759,-29.7715506554,-362.1018295288
19.0253570080,-30.3773989677,-62.7277736664
84.9975662231,-29.7671294212,-373.5034027100
85.0167083740,-29.7650966644,-385.1789398193
8.3249574900,-30.3624091148,-63.6797409058
12.6385190487,-30.4192481041,-58.3990097046
6.5652501881,-30.4620380402,-53.8963479996
11.2532472610,-30.5284981728,-48.6565418243
16.6635570526,-30.5812125206,-44.0247297287
5.1625382006,-30.5891246796,-43.7307758331
10.4826986790,-30.6642298698,-38.5728321075
15.9858341217,-30.7267460823,-33.3505597115
-1.0520413816,-30.6497015953,-38.7108507156
4.1935580373,-30.7497272491,-33.3297319412
9.4002403617,-30.8288245201,-28.3847632408
-8.1279193759,-30.9180307388,-21.5336990356
-1.8912436664,-30.8403477669,-27.7061834335
3.8519227803,-30.9459419250,-22.8531918526
120.3787002563,-30.0709075928,-5.8689756393
132.2330017090,-29.9520549774,-5.8915953636
144.0799484253,-29.8269534111,-5.9109387398
-12.7889043093,-31.1326808929,-4.0109271649
-7.3160659075,-31.1469321251,-10.2447693348
-1.2916316986,-31.0831265450,-15.9872581959
5.6658822298,-31.1535248756,-12.2777121067
8.5398782492,-18.1695225239,-72.9092922211
14.1852405071,-18.1947739124,-68.5853128433
9.4535267353,-18.5962679386,-19.1595275402
31.5745825768,-17.8932569027,-258.9658432007
31.4607100487,-17.8986473083,-246.8237495422
31.3787245750,-17.9046206474,-234.6998214722
31.3164606094,-17.9112851620,-222.5831222534
31.2627420425,-17.9187672138,-210.4647827148
31.2076807022,-17.9272446632,-198.3369827271
31.1406426430,-17.9369256496,-186.1920318604
31.0485701561,-17.9480831623,-174.0194511414
30.9136586189,-17.9610681534,-161.8128280640
30.7148265839,-17.9763348103,-149.5726585388
30.4244189262,-17.9944651127,-137.2913513184
29.9956045151,-18.0162329674,-124.9551963806
29.3318223953,-18.0426700115,-112.5472278595
28.1735858917,-18.0750875473,-100.0681343079
25.9967889786,-18.1167798042,-87.1564540863
44.0007200241,-17.8988077641,-246.2393798828
44.1207237244,-17.8934671879,-258.3209686279
44.2948760986,-17.8886299133,-270.4074020386
44.5490140915,-17.8842372894,-282.4996490479
44.9300813675,-17.8802416325,-294.5872268677
57.3914594650,-17.8797297478,-293.5700225830
57.9408950806,-17.8762254715,-305.4219131470
58.7615423203,-17.8730680943,-317.1046371460
59.9227962494,-17.8702676296,-328.5047912598
20.8228728771,-18.1609325409,-75.9612598419
18.4855208397,-17.9455003738,-174.4828529358
18.3655076027,-17.9582495689,-162.2956924438
18.1907274723,-17.9732298851,-150.0973815918
17.9385225773,-17.9909937382,-137.8975296021
17.5730946064,-18.0122151375,-125.7131729126
17.0244698524,-18.0377006531,-113.5878028870
16.1011967659,-18.0680859089,-101.6607990265
14.4519150257,-18.1032598019,-90.2291755676
11.7257198095,-18.1393897533,-80.2535953522
72.5393619537,-17.8669104576,-339.1529388428
73.0140171051,-17.8647735119,-350.6095199585
73.2307090759,-17.8629360199,-362.1018295288
19.0253570080,-18.2264392376,-62.7277736664
84.9975662231,-17.8602788448,-373.5034027100
85.0167083740,-17.8590579033,-385.1789398193
8.3249574900,-18.2174422741,-63.6797409058
12.6385190487,-18.2515482903,-58.3990097046
6.5652501881,-18.2772233486,-53.8963479996
11.2532472610,-18.3170998096,-48.6565418243
16.6635570526,-18.3487269878,-44.0247297287
5.1625382006,-18.3534746170,-43.7307758331
10.4826986790,-18.3985393047,-38.5728321075
15.9858341217,-18.4360473156,-33.3505597115
-1.0520413816,-18.3898222446,-38.7108507156
4.1935580373,-18.4498393536,-33.3297319412
9.4002403617,-18.4972980022,-28.3847632408
-8.1279193759,-18.5508213043,-21.5336990356
-1.8912436664,-18.5042128563,-27.7061834335
3.8519227803,-18.5675728321,-22.8531918526
120.3787002563,-18.0425431728,-5.8689756393
132.2330017090,-17.9712331295,-5.8915953636
144.0799484253,-17.8961725235,-5.9109387398
-12.7889043093,-18.6796097755,-4.0109271649
-7.3160659075,-18.6881575584,-10.2447693348
-1.2916316986,-18.6498801708,-15.9872581959
5.6658822298,-18.6921153069,-12.2777121067
8.5398782492,-6.0565100908,-72.9092922211
14.1852405071,-6.0649238825,-68.5853128433
9.4535267353,-6.1987571716,-19.1595275402
31.5745825768,-5.9644191265,-258.9658432007
31.4607100487,-5.9662165642,-246.8237495422
31.3787245750,-5.9682046175,-234.6998214722
31.3164606094,-5.9704282284,-222.5831222534
31.2627420425,-5.9729235172,-210.4647827148
31.2076807022,-5.9757485390,-198.3369827271
31.1406426430,-5.9789749384,-186.1920318604
31.0485701561,-5.9826967716,-174.0194511414
30.9136586189,-5.9870213270,-161.8128280640
30.7148265839,-5.9921094179,-149.5726585388
30.4244189262,-5.9981547594,-137.2913513184
29.9956045151,-6.0054132938,-124.9551963806
29.3318223953,-6.0142227411,-112.5472278595
28.1735858917,-6.0250279903,-100.0681343079
25.9967889786,-6.0389274359,-87.1564540863
44.0007200241,-5.9662674665,-246.2393798828
44.1207237244,-5.9644879103,-258.3209686279
44.2948760986,-5.9628775120,-270.4074020386
44.5490140915,-5.9614120722,-282.4996490479
44.9300813675,-5.9600802660,-294.5872268677
57.3914594650,-5.9599107504,-293.5700225830
57.9408950806,-5.9587429762,-305.4219131470
58.7615423203,-5.9576886892,-317.1046371460
59.9227962494,-5.9567564726,-328.5047912598
20.8228728771,-6.0536470413,-75.9612598419
18.4855208397,-5.9818308353,-174.4828529358
18.3655076027,-5.9860825539,-162.2956924438
18.1907274723,-5.9910759926,-150.0973815918
17.9385225773,-5.9969971180,-137.8975296021
17.5730946064,-6.0040731430,-125.7131729126
17.0244698524,-6.0125665665,-113.5878028870
16.1011967659,-6.0226935148,-101.6607990265
14.4519150257,-6.0344216824,-90.2291755676
11.7257198095,-6.0464659929,-80.2535953522
71.7743034363,-5.9564516544,-327.6864624023
72.5393619537,-5.9556391239,-339.1529388428
73.0140171051,-5.9549268484,-350.6095199585
73.2307090759,-5.9543162584,-362.1018295288
19.0253570080,-6.0754796267,-62.7277736664
84.9016418457,-5.9539381266,-361.8637466431
84.9975662231,-5.9534263611,-373.5034027100
85.0167083740,-5.9530171156,-385.1789398193
8.3249574900,-6.0724784136,-63.6797409058
12.6385190487,-6.0838474035,-58.3990097046
16.4973552227,-6.0945910215,-53.3365764618
96.7920818329,-5.9523104429,-396.8310470581
6.5652501881,-6.0924077034,-53.8963479996
11.2532472610,-6.1057034731,-48.6565418243
16.6635570526,-6.1162408590,-44.0247297287
5.1625382006,-6.1178261042,-43.7307758331
10.4826986790,-6.1328468323,-38.5728321075
15.9858341217,-6.1453495026,-33.3505597115
-1.0520413816,-6.1299415827,-38.7108507156
4.1935580373,-6.1499487162,-33.3297319412
9.4002403617,-6.1657674313,-28.3847632408
-8.1279193759,-6.1836068630,-21.5336990356
-1.8912436664,-6.1680697203,-27.7061834335
3.8519227803,-6.1891903877,-22.8531918526
120.3787002563,-6.0141797066,-5.8689756393
132.2330017090,-5.9904106855,-5.8915953636
144.0799484253,-5.9653888941,-5.9109387398
-12.7889043093,-6.2265316502,-4.0109270476
-7.3160659075,-6.2293899965,-10.2447694540
-1.2916316986,-6.2166319468,-15.9872584343
5.6658822298,-6.2307098818,-12.2777122259
